"","va1","va2","va3"
"1","AIM2",1,"AIM2"
"2","APIP",0.130616335826489,"AIM2"
"3","BAK1",0.308932480191783,"AIM2"
"4","BAX",0.240347505576315,"AIM2"
"5","CASP1",0.643611818610763,"AIM2"
"6","CASP3",0.276306525808552,"AIM2"
"7","CASP4",0.445848294599846,"AIM2"
"8","CASP5",0.703979759943011,"AIM2"
"9","CASP8",0.28562508345909,"AIM2"
"10","CHMP2A",-0.0398113400320223,"AIM2"
"11","CHMP2B",0.268084529045367,"AIM2"
"12","CHMP3",0.264929401998241,"AIM2"
"13","CHMP4A",0.171144508712077,"AIM2"
"14","CHMP4B",0.310224809964528,"AIM2"
"15","CHMP4C",0.0716172970500895,"AIM2"
"16","CHMP6",-0.012182170143276,"AIM2"
"17","CHMP7",0.296248795797839,"AIM2"
"18","CYCS",0.0847102117178158,"AIM2"
"19","DHX9",0.208167047179933,"AIM2"
"20","ELANE",0.0839717998382358,"AIM2"
"21","GSDMA",0.630368113180146,"AIM2"
"22","GSDMB",0.0600646333901065,"AIM2"
"23","GSDMC",0.229626038664558,"AIM2"
"24","GSDMD",0.123402388045181,"AIM2"
"25","GZMA",0.713089124547949,"AIM2"
"26","GZMB",0.687014340900822,"AIM2"
"27","IL18",0.613624404290979,"AIM2"
"28","IL1A",0.285096222429433,"AIM2"
"29","IL1B",0.513472372823145,"AIM2"
"30","IRF1",0.551772582601101,"AIM2"
"31","IRF2",0.263560260919276,"AIM2"
"32","NAIP",0.486910692163445,"AIM2"
"33","NLRC4",0.671619538015792,"AIM2"
"34","NLRP1",0.389700269956474,"AIM2"
"35","NLRP9",-0.0325890535670189,"AIM2"
"36","TP53",0.233978794460106,"AIM2"
"37","TP63",0.136622560355669,"AIM2"
"38","ZBP1",0.792179318429159,"AIM2"
"39","AIM2",0.130616335826489,"APIP"
"40","APIP",1,"APIP"
"41","BAK1",0.388472927857183,"APIP"
"42","BAX",0.288893619095197,"APIP"
"43","CASP1",0.0998727684624899,"APIP"
"44","CASP3",0.417591954507812,"APIP"
"45","CASP4",0.128264757002637,"APIP"
"46","CASP5",0.179286830066763,"APIP"
"47","CASP8",0.4784782110749,"APIP"
"48","CHMP2A",0.0924420766883112,"APIP"
"49","CHMP2B",0.449585562711352,"APIP"
"50","CHMP3",0.392643302527498,"APIP"
"51","CHMP4A",-0.00075020082058498,"APIP"
"52","CHMP4B",0.300421922432996,"APIP"
"53","CHMP4C",0.292764500713451,"APIP"
"54","CHMP6",0.269276273881133,"APIP"
"55","CHMP7",0.143694976688822,"APIP"
"56","CYCS",0.234956870209015,"APIP"
"57","DHX9",0.620725428367284,"APIP"
"58","ELANE",-0.000530827761437769,"APIP"
"59","GSDMA",0.157409541740553,"APIP"
"60","GSDMB",0.184896250132378,"APIP"
"61","GSDMC",0.267289210166085,"APIP"
"62","GSDMD",0.183430919113733,"APIP"
"63","GZMA",-0.0444217438996452,"APIP"
"64","GZMB",0.0483345830847067,"APIP"
"65","IL18",0.0201295462808198,"APIP"
"66","IL1A",0.154928172059807,"APIP"
"67","IL1B",0.0387891474679445,"APIP"
"68","IRF1",0.106409886611613,"APIP"
"69","IRF2",0.38209385279804,"APIP"
"70","NAIP",0.153825269224176,"APIP"
"71","NLRC4",0.115218624718191,"APIP"
"72","NLRP1",0.163414488820655,"APIP"
"73","NLRP9",0.161121420106433,"APIP"
"74","TP53",0.226514919970134,"APIP"
"75","TP63",0.168800060790153,"APIP"
"76","ZBP1",0.0645829703347068,"APIP"
"77","AIM2",0.308932480191783,"BAK1"
"78","APIP",0.388472927857183,"BAK1"
"79","BAK1",1,"BAK1"
"80","BAX",0.568811717807969,"BAK1"
"81","CASP1",0.262211262819927,"BAK1"
"82","CASP3",0.514396313309527,"BAK1"
"83","CASP4",0.48459325112334,"BAK1"
"84","CASP5",0.383781762421591,"BAK1"
"85","CASP8",0.528863805771412,"BAK1"
"86","CHMP2A",0.249236329328746,"BAK1"
"87","CHMP2B",0.47670584221234,"BAK1"
"88","CHMP3",0.694542238754922,"BAK1"
"89","CHMP4A",0.327496508546142,"BAK1"
"90","CHMP4B",0.697890284168208,"BAK1"
"91","CHMP4C",0.550562199938308,"BAK1"
"92","CHMP6",0.330714975185784,"BAK1"
"93","CHMP7",0.331870079386535,"BAK1"
"94","CYCS",0.540902503648288,"BAK1"
"95","DHX9",0.553654491559312,"BAK1"
"96","ELANE",-0.026806868361183,"BAK1"
"97","GSDMA",0.35043875139449,"BAK1"
"98","GSDMB",0.156615533275993,"BAK1"
"99","GSDMC",0.29736183017284,"BAK1"
"100","GSDMD",0.331499047249452,"BAK1"
"101","GZMA",0.190981547684582,"BAK1"
"102","GZMB",0.224189241870906,"BAK1"
"103","IL18",0.404846667169265,"BAK1"
"104","IL1A",0.314839872578881,"BAK1"
"105","IL1B",0.230819601325868,"BAK1"
"106","IRF1",0.358962149031013,"BAK1"
"107","IRF2",0.145662974445648,"BAK1"
"108","NAIP",0.354358254409383,"BAK1"
"109","NLRC4",0.351620291907412,"BAK1"
"110","NLRP1",0.219903994602634,"BAK1"
"111","NLRP9",0.156249201579942,"BAK1"
"112","TP53",0.301356441243343,"BAK1"
"113","TP63",0.0971582798150277,"BAK1"
"114","ZBP1",0.278684629998962,"BAK1"
"115","AIM2",0.240347505576315,"BAX"
"116","APIP",0.288893619095197,"BAX"
"117","BAK1",0.568811717807969,"BAX"
"118","BAX",1,"BAX"
"119","CASP1",0.178164261526335,"BAX"
"120","CASP3",0.338323647317926,"BAX"
"121","CASP4",0.38590212954127,"BAX"
"122","CASP5",0.24826420062602,"BAX"
"123","CASP8",0.265609731144479,"BAX"
"124","CHMP2A",0.545553977902161,"BAX"
"125","CHMP2B",0.143067591298952,"BAX"
"126","CHMP3",0.509229332587309,"BAX"
"127","CHMP4A",0.45936953701821,"BAX"
"128","CHMP4B",0.699990047114512,"BAX"
"129","CHMP4C",0.427901322697623,"BAX"
"130","CHMP6",0.467276103998453,"BAX"
"131","CHMP7",0.233849769550762,"BAX"
"132","CYCS",0.283144358254699,"BAX"
"133","DHX9",0.386843834868969,"BAX"
"134","ELANE",-0.0211100874400804,"BAX"
"135","GSDMA",0.266992754456811,"BAX"
"136","GSDMB",0.247260342937461,"BAX"
"137","GSDMC",0.196653341821282,"BAX"
"138","GSDMD",0.545964881050221,"BAX"
"139","GZMA",0.238445826306134,"BAX"
"140","GZMB",0.247346501848676,"BAX"
"141","IL18",0.366391744218211,"BAX"
"142","IL1A",0.216738763347113,"BAX"
"143","IL1B",0.0722118705143775,"BAX"
"144","IRF1",0.217461065470853,"BAX"
"145","IRF2",-0.0461505480552168,"BAX"
"146","NAIP",0.128317777021121,"BAX"
"147","NLRC4",0.212139324312588,"BAX"
"148","NLRP1",0.201253147346991,"BAX"
"149","NLRP9",0.0877476241025987,"BAX"
"150","TP53",0.451163303069427,"BAX"
"151","TP63",0.0773724613512254,"BAX"
"152","ZBP1",0.253648881367478,"BAX"
"153","AIM2",0.643611818610763,"CASP1"
"154","APIP",0.0998727684624899,"CASP1"
"155","BAK1",0.262211262819927,"CASP1"
"156","BAX",0.178164261526335,"CASP1"
"157","CASP1",1,"CASP1"
"158","CASP3",0.344682864400466,"CASP1"
"159","CASP4",0.600734055066871,"CASP1"
"160","CASP5",0.536578538711635,"CASP1"
"161","CASP8",0.342967094028829,"CASP1"
"162","CHMP2A",-0.0456483213952329,"CASP1"
"163","CHMP2B",0.337702464018684,"CASP1"
"164","CHMP3",0.259987285922028,"CASP1"
"165","CHMP4A",0.154013838305424,"CASP1"
"166","CHMP4B",0.275193392985046,"CASP1"
"167","CHMP4C",0.0554495552963476,"CASP1"
"168","CHMP6",0.008513297890586,"CASP1"
"169","CHMP7",0.243049109487148,"CASP1"
"170","CYCS",0.125286836231773,"CASP1"
"171","DHX9",0.15355577892453,"CASP1"
"172","ELANE",0.197179584128363,"CASP1"
"173","GSDMA",0.53386152306017,"CASP1"
"174","GSDMB",0.0570316422401388,"CASP1"
"175","GSDMC",0.273794243635868,"CASP1"
"176","GSDMD",0.0906271571520846,"CASP1"
"177","GZMA",0.698125529814888,"CASP1"
"178","GZMB",0.529420154222061,"CASP1"
"179","IL18",0.61274531129557,"CASP1"
"180","IL1A",0.238559142636755,"CASP1"
"181","IL1B",0.514685172844813,"CASP1"
"182","IRF1",0.660288988800869,"CASP1"
"183","IRF2",0.391645755408441,"CASP1"
"184","NAIP",0.395564014939511,"CASP1"
"185","NLRC4",0.613400280197539,"CASP1"
"186","NLRP1",0.407116972571458,"CASP1"
"187","NLRP9",-0.0258208349614334,"CASP1"
"188","TP53",0.0969178089488183,"CASP1"
"189","TP63",0.0896991315166107,"CASP1"
"190","ZBP1",0.611551933218621,"CASP1"
"191","AIM2",0.276306525808552,"CASP3"
"192","APIP",0.417591954507812,"CASP3"
"193","BAK1",0.514396313309527,"CASP3"
"194","BAX",0.338323647317926,"CASP3"
"195","CASP1",0.344682864400466,"CASP3"
"196","CASP3",1,"CASP3"
"197","CASP4",0.305010489448191,"CASP3"
"198","CASP5",0.290974664398676,"CASP3"
"199","CASP8",0.569424735142379,"CASP3"
"200","CHMP2A",-0.0667938338986336,"CASP3"
"201","CHMP2B",0.521570677721587,"CASP3"
"202","CHMP3",0.52747492248271,"CASP3"
"203","CHMP4A",-0.0125856080962274,"CASP3"
"204","CHMP4B",0.375210405910834,"CASP3"
"205","CHMP4C",0.310570050518691,"CASP3"
"206","CHMP6",0.194177554817039,"CASP3"
"207","CHMP7",0.32364321399474,"CASP3"
"208","CYCS",0.224304290054955,"CASP3"
"209","DHX9",0.588213780801077,"CASP3"
"210","ELANE",0.104876787219997,"CASP3"
"211","GSDMA",0.30686874238685,"CASP3"
"212","GSDMB",0.193840665457112,"CASP3"
"213","GSDMC",0.279442293920689,"CASP3"
"214","GSDMD",0.108830719743727,"CASP3"
"215","GZMA",0.205826166635858,"CASP3"
"216","GZMB",0.130687725918725,"CASP3"
"217","IL18",0.235674961328513,"CASP3"
"218","IL1A",0.251630312868947,"CASP3"
"219","IL1B",0.155021060620435,"CASP3"
"220","IRF1",0.314548273540695,"CASP3"
"221","IRF2",0.593090319431934,"CASP3"
"222","NAIP",0.340360498837329,"CASP3"
"223","NLRC4",0.259373487563622,"CASP3"
"224","NLRP1",0.277894371753126,"CASP3"
"225","NLRP9",0.0750465891320819,"CASP3"
"226","TP53",0.282040757547304,"CASP3"
"227","TP63",0.138126080758497,"CASP3"
"228","ZBP1",0.275285043427802,"CASP3"
"229","AIM2",0.445848294599846,"CASP4"
"230","APIP",0.128264757002637,"CASP4"
"231","BAK1",0.48459325112334,"CASP4"
"232","BAX",0.38590212954127,"CASP4"
"233","CASP1",0.600734055066871,"CASP4"
"234","CASP3",0.305010489448191,"CASP4"
"235","CASP4",1,"CASP4"
"236","CASP5",0.438566971603061,"CASP4"
"237","CASP8",0.39714834362076,"CASP4"
"238","CHMP2A",0.13041956424657,"CASP4"
"239","CHMP2B",0.325404166885451,"CASP4"
"240","CHMP3",0.445496885592773,"CASP4"
"241","CHMP4A",0.274901642645771,"CASP4"
"242","CHMP4B",0.503859683889543,"CASP4"
"243","CHMP4C",0.365583147996671,"CASP4"
"244","CHMP6",0.0638786486593098,"CASP4"
"245","CHMP7",0.289577233223217,"CASP4"
"246","CYCS",0.296798340048681,"CASP4"
"247","DHX9",0.241392526319524,"CASP4"
"248","ELANE",0.0493944228771889,"CASP4"
"249","GSDMA",0.412559341646642,"CASP4"
"250","GSDMB",0.093707041557945,"CASP4"
"251","GSDMC",0.210674666463537,"CASP4"
"252","GSDMD",0.176736815915356,"CASP4"
"253","GZMA",0.424814076257709,"CASP4"
"254","GZMB",0.361016776326761,"CASP4"
"255","IL18",0.579426692931065,"CASP4"
"256","IL1A",0.221098044667702,"CASP4"
"257","IL1B",0.409299460066186,"CASP4"
"258","IRF1",0.546443704369973,"CASP4"
"259","IRF2",0.173182324380453,"CASP4"
"260","NAIP",0.401655357845964,"CASP4"
"261","NLRC4",0.494320290790529,"CASP4"
"262","NLRP1",0.265124796959932,"CASP4"
"263","NLRP9",0.0373968705712126,"CASP4"
"264","TP53",0.286147871947812,"CASP4"
"265","TP63",-0.0424921112367372,"CASP4"
"266","ZBP1",0.42000045637913,"CASP4"
"267","AIM2",0.703979759943011,"CASP5"
"268","APIP",0.179286830066763,"CASP5"
"269","BAK1",0.383781762421591,"CASP5"
"270","BAX",0.24826420062602,"CASP5"
"271","CASP1",0.536578538711635,"CASP5"
"272","CASP3",0.290974664398676,"CASP5"
"273","CASP4",0.438566971603061,"CASP5"
"274","CASP5",1,"CASP5"
"275","CASP8",0.318967101496945,"CASP5"
"276","CHMP2A",-0.0149748712582087,"CASP5"
"277","CHMP2B",0.315707246543419,"CASP5"
"278","CHMP3",0.30447644595713,"CASP5"
"279","CHMP4A",0.174353166042523,"CASP5"
"280","CHMP4B",0.365471669805522,"CASP5"
"281","CHMP4C",0.0955842811642508,"CASP5"
"282","CHMP6",0.0114234673034688,"CASP5"
"283","CHMP7",0.255176337155333,"CASP5"
"284","CYCS",0.19262756921075,"CASP5"
"285","DHX9",0.276393962050788,"CASP5"
"286","ELANE",0.0514794941438679,"CASP5"
"287","GSDMA",0.623058788588786,"CASP5"
"288","GSDMB",0.0700044020918095,"CASP5"
"289","GSDMC",0.218379557836826,"CASP5"
"290","GSDMD",0.126707964992654,"CASP5"
"291","GZMA",0.518314345406198,"CASP5"
"292","GZMB",0.588512375179024,"CASP5"
"293","IL18",0.510081496565059,"CASP5"
"294","IL1A",0.25723980834048,"CASP5"
"295","IL1B",0.529725607548436,"CASP5"
"296","IRF1",0.468761973867693,"CASP5"
"297","IRF2",0.251687504559884,"CASP5"
"298","NAIP",0.475524598088202,"CASP5"
"299","NLRC4",0.611736289942335,"CASP5"
"300","NLRP1",0.256765231170832,"CASP5"
"301","NLRP9",-0.0283209342897666,"CASP5"
"302","TP53",0.167439878439547,"CASP5"
"303","TP63",0.122949727808408,"CASP5"
"304","ZBP1",0.589110112147421,"CASP5"
"305","AIM2",0.28562508345909,"CASP8"
"306","APIP",0.4784782110749,"CASP8"
"307","BAK1",0.528863805771412,"CASP8"
"308","BAX",0.265609731144479,"CASP8"
"309","CASP1",0.342967094028829,"CASP8"
"310","CASP3",0.569424735142379,"CASP8"
"311","CASP4",0.39714834362076,"CASP8"
"312","CASP5",0.318967101496945,"CASP8"
"313","CASP8",1,"CASP8"
"314","CHMP2A",-0.0473635463668529,"CASP8"
"315","CHMP2B",0.544165545234537,"CASP8"
"316","CHMP3",0.544135460975177,"CASP8"
"317","CHMP4A",0.0752299098323169,"CASP8"
"318","CHMP4B",0.367566560109261,"CASP8"
"319","CHMP4C",0.363903863433902,"CASP8"
"320","CHMP6",0.154451844130977,"CASP8"
"321","CHMP7",0.344963713090186,"CASP8"
"322","CYCS",0.264089681467006,"CASP8"
"323","DHX9",0.634165592246319,"CASP8"
"324","ELANE",-0.0105683453429376,"CASP8"
"325","GSDMA",0.287017560508016,"CASP8"
"326","GSDMB",0.36852431915345,"CASP8"
"327","GSDMC",0.309687183071489,"CASP8"
"328","GSDMD",0.0518040269504007,"CASP8"
"329","GZMA",0.119257170481014,"CASP8"
"330","GZMB",0.117439655010105,"CASP8"
"331","IL18",0.309642819088922,"CASP8"
"332","IL1A",0.260726204392108,"CASP8"
"333","IL1B",0.235814669997217,"CASP8"
"334","IRF1",0.313562956222009,"CASP8"
"335","IRF2",0.561981647960957,"CASP8"
"336","NAIP",0.455583722458326,"CASP8"
"337","NLRC4",0.325034777564813,"CASP8"
"338","NLRP1",0.365371196098684,"CASP8"
"339","NLRP9",0.149467187281962,"CASP8"
"340","TP53",0.226342819151916,"CASP8"
"341","TP63",0.150347164915752,"CASP8"
"342","ZBP1",0.260578842605303,"CASP8"
"343","AIM2",-0.0398113400320223,"CHMP2A"
"344","APIP",0.0924420766883112,"CHMP2A"
"345","BAK1",0.249236329328746,"CHMP2A"
"346","BAX",0.545553977902161,"CHMP2A"
"347","CASP1",-0.0456483213952329,"CHMP2A"
"348","CASP3",-0.0667938338986336,"CHMP2A"
"349","CASP4",0.13041956424657,"CHMP2A"
"350","CASP5",-0.0149748712582087,"CHMP2A"
"351","CASP8",-0.0473635463668529,"CHMP2A"
"352","CHMP2A",1,"CHMP2A"
"353","CHMP2B",-0.236117238073871,"CHMP2A"
"354","CHMP3",0.0906925977735022,"CHMP2A"
"355","CHMP4A",0.459987322005342,"CHMP2A"
"356","CHMP4B",0.483750051460165,"CHMP2A"
"357","CHMP4C",0.186788371196556,"CHMP2A"
"358","CHMP6",0.444650097369359,"CHMP2A"
"359","CHMP7",0.0338405302969553,"CHMP2A"
"360","CYCS",0.308618429974479,"CHMP2A"
"361","DHX9",-0.136713197979589,"CHMP2A"
"362","ELANE",-0.0575224171271041,"CHMP2A"
"363","GSDMA",0.0107819469323021,"CHMP2A"
"364","GSDMB",0.165929130774285,"CHMP2A"
"365","GSDMC",0.0590902704324658,"CHMP2A"
"366","GSDMD",0.495175665246348,"CHMP2A"
"367","GZMA",0.117501867191843,"CHMP2A"
"368","GZMB",0.105898125365154,"CHMP2A"
"369","IL18",0.0686380416928879,"CHMP2A"
"370","IL1A",-0.0347654563274951,"CHMP2A"
"371","IL1B",-0.206974806890376,"CHMP2A"
"372","IRF1",0.0343543339589265,"CHMP2A"
"373","IRF2",-0.332091117042066,"CHMP2A"
"374","NAIP",-0.127857215446274,"CHMP2A"
"375","NLRC4",-0.0851351185499343,"CHMP2A"
"376","NLRP1",-0.0233748442597712,"CHMP2A"
"377","NLRP9",0.0256870698061762,"CHMP2A"
"378","TP53",0.0698506783229751,"CHMP2A"
"379","TP63",0.00172052821580465,"CHMP2A"
"380","ZBP1",0.0337513150251479,"CHMP2A"
"381","AIM2",0.268084529045367,"CHMP2B"
"382","APIP",0.449585562711352,"CHMP2B"
"383","BAK1",0.47670584221234,"CHMP2B"
"384","BAX",0.143067591298952,"CHMP2B"
"385","CASP1",0.337702464018684,"CHMP2B"
"386","CASP3",0.521570677721587,"CHMP2B"
"387","CASP4",0.325404166885451,"CHMP2B"
"388","CASP5",0.315707246543419,"CHMP2B"
"389","CASP8",0.544165545234537,"CHMP2B"
"390","CHMP2A",-0.236117238073871,"CHMP2B"
"391","CHMP2B",1,"CHMP2B"
"392","CHMP3",0.553850431560825,"CHMP2B"
"393","CHMP4A",-0.0305999169785233,"CHMP2B"
"394","CHMP4B",0.327209298199132,"CHMP2B"
"395","CHMP4C",0.359436566873167,"CHMP2B"
"396","CHMP6",0.0196233378923952,"CHMP2B"
"397","CHMP7",0.283508268920619,"CHMP2B"
"398","CYCS",0.313278063816283,"CHMP2B"
"399","DHX9",0.588770715228537,"CHMP2B"
"400","ELANE",0.00841556074678668,"CHMP2B"
"401","GSDMA",0.283512692193797,"CHMP2B"
"402","GSDMB",0.0196357247063894,"CHMP2B"
"403","GSDMC",0.240389781337605,"CHMP2B"
"404","GSDMD",-0.0230101136200937,"CHMP2B"
"405","GZMA",0.112443819734778,"CHMP2B"
"406","GZMB",0.0866579660373589,"CHMP2B"
"407","IL18",0.257132723419723,"CHMP2B"
"408","IL1A",0.252136582410776,"CHMP2B"
"409","IL1B",0.315130189380576,"CHMP2B"
"410","IRF1",0.326333410277959,"CHMP2B"
"411","IRF2",0.394246942546881,"CHMP2B"
"412","NAIP",0.381752483719302,"CHMP2B"
"413","NLRC4",0.318246344983451,"CHMP2B"
"414","NLRP1",0.260917795698361,"CHMP2B"
"415","NLRP9",0.0475573253809052,"CHMP2B"
"416","TP53",0.153627799991088,"CHMP2B"
"417","TP63",0.113996090445628,"CHMP2B"
"418","ZBP1",0.195462752911281,"CHMP2B"
"419","AIM2",0.264929401998241,"CHMP3"
"420","APIP",0.392643302527498,"CHMP3"
"421","BAK1",0.694542238754922,"CHMP3"
"422","BAX",0.509229332587309,"CHMP3"
"423","CASP1",0.259987285922028,"CHMP3"
"424","CASP3",0.52747492248271,"CHMP3"
"425","CASP4",0.445496885592773,"CHMP3"
"426","CASP5",0.30447644595713,"CHMP3"
"427","CASP8",0.544135460975177,"CHMP3"
"428","CHMP2A",0.0906925977735022,"CHMP3"
"429","CHMP2B",0.553850431560825,"CHMP3"
"430","CHMP3",1,"CHMP3"
"431","CHMP4A",0.205195879340437,"CHMP3"
"432","CHMP4B",0.64210858940695,"CHMP3"
"433","CHMP4C",0.522154775361442,"CHMP3"
"434","CHMP6",0.205112194454549,"CHMP3"
"435","CHMP7",0.478968526868228,"CHMP3"
"436","CYCS",0.396499029102605,"CHMP3"
"437","DHX9",0.688191827569586,"CHMP3"
"438","ELANE",0.0395311128623861,"CHMP3"
"439","GSDMA",0.34034195473044,"CHMP3"
"440","GSDMB",0.0624179995305776,"CHMP3"
"441","GSDMC",0.293406134417584,"CHMP3"
"442","GSDMD",0.109997030040989,"CHMP3"
"443","GZMA",0.147845929684454,"CHMP3"
"444","GZMB",0.116356084902647,"CHMP3"
"445","IL18",0.409001344734337,"CHMP3"
"446","IL1A",0.324528393188156,"CHMP3"
"447","IL1B",0.262395049778813,"CHMP3"
"448","IRF1",0.283776378072657,"CHMP3"
"449","IRF2",0.340961148208749,"CHMP3"
"450","NAIP",0.485590718328195,"CHMP3"
"451","NLRC4",0.390449081809721,"CHMP3"
"452","NLRP1",0.27766995848991,"CHMP3"
"453","NLRP9",0.184704769050046,"CHMP3"
"454","TP53",0.469241349960214,"CHMP3"
"455","TP63",0.117125280546026,"CHMP3"
"456","ZBP1",0.231641090230201,"CHMP3"
"457","AIM2",0.171144508712077,"CHMP4A"
"458","APIP",-0.00075020082058498,"CHMP4A"
"459","BAK1",0.327496508546142,"CHMP4A"
"460","BAX",0.45936953701821,"CHMP4A"
"461","CASP1",0.154013838305424,"CHMP4A"
"462","CASP3",-0.0125856080962274,"CHMP4A"
"463","CASP4",0.274901642645771,"CHMP4A"
"464","CASP5",0.174353166042523,"CHMP4A"
"465","CASP8",0.0752299098323169,"CHMP4A"
"466","CHMP2A",0.459987322005342,"CHMP4A"
"467","CHMP2B",-0.0305999169785233,"CHMP4A"
"468","CHMP3",0.205195879340437,"CHMP4A"
"469","CHMP4A",1,"CHMP4A"
"470","CHMP4B",0.467571861937373,"CHMP4A"
"471","CHMP4C",0.149912080516546,"CHMP4A"
"472","CHMP6",0.272701732787643,"CHMP4A"
"473","CHMP7",0.118757269729796,"CHMP4A"
"474","CYCS",0.232962760915802,"CHMP4A"
"475","DHX9",-0.050696892960571,"CHMP4A"
"476","ELANE",-0.0316014441909286,"CHMP4A"
"477","GSDMA",0.146696546915097,"CHMP4A"
"478","GSDMB",0.245290107660345,"CHMP4A"
"479","GSDMC",-0.011698802946182,"CHMP4A"
"480","GSDMD",0.306195737443494,"CHMP4A"
"481","GZMA",0.285249946589361,"CHMP4A"
"482","GZMB",0.242914677229856,"CHMP4A"
"483","IL18",0.354282087504192,"CHMP4A"
"484","IL1A",0.193474403089706,"CHMP4A"
"485","IL1B",0.0890748325883127,"CHMP4A"
"486","IRF1",0.18040575590986,"CHMP4A"
"487","IRF2",-0.232997761321037,"CHMP4A"
"488","NAIP",0.0724491296617356,"CHMP4A"
"489","NLRC4",0.16482581983466,"CHMP4A"
"490","NLRP1",0.0995336842147487,"CHMP4A"
"491","NLRP9",0.0262638493270521,"CHMP4A"
"492","TP53",0.158263138438419,"CHMP4A"
"493","TP63",-0.0496877922187284,"CHMP4A"
"494","ZBP1",0.231834657731344,"CHMP4A"
"495","AIM2",0.310224809964528,"CHMP4B"
"496","APIP",0.300421922432996,"CHMP4B"
"497","BAK1",0.697890284168208,"CHMP4B"
"498","BAX",0.699990047114512,"CHMP4B"
"499","CASP1",0.275193392985046,"CHMP4B"
"500","CASP3",0.375210405910834,"CHMP4B"
"501","CASP4",0.503859683889543,"CHMP4B"
"502","CASP5",0.365471669805522,"CHMP4B"
"503","CASP8",0.367566560109261,"CHMP4B"
"504","CHMP2A",0.483750051460165,"CHMP4B"
"505","CHMP2B",0.327209298199132,"CHMP4B"
"506","CHMP3",0.64210858940695,"CHMP4B"
"507","CHMP4A",0.467571861937373,"CHMP4B"
"508","CHMP4B",1,"CHMP4B"
"509","CHMP4C",0.444583172630452,"CHMP4B"
"510","CHMP6",0.409125207611641,"CHMP4B"
"511","CHMP7",0.368450394190527,"CHMP4B"
"512","CYCS",0.472423879104166,"CHMP4B"
"513","DHX9",0.397370649824047,"CHMP4B"
"514","ELANE",0.0633562121072515,"CHMP4B"
"515","GSDMA",0.348368283252571,"CHMP4B"
"516","GSDMB",0.185326088189685,"CHMP4B"
"517","GSDMC",0.219408848844632,"CHMP4B"
"518","GSDMD",0.371585787957047,"CHMP4B"
"519","GZMA",0.256479764133079,"CHMP4B"
"520","GZMB",0.266903827630906,"CHMP4B"
"521","IL18",0.451587958751845,"CHMP4B"
"522","IL1A",0.331899137237441,"CHMP4B"
"523","IL1B",0.216762930938864,"CHMP4B"
"524","IRF1",0.354279103358539,"CHMP4B"
"525","IRF2",0.0191875684093439,"CHMP4B"
"526","NAIP",0.278469741828765,"CHMP4B"
"527","NLRC4",0.319063051008309,"CHMP4B"
"528","NLRP1",0.207052432478674,"CHMP4B"
"529","NLRP9",0.121926950010173,"CHMP4B"
"530","TP53",0.289156694762657,"CHMP4B"
"531","TP63",0.0488526347219696,"CHMP4B"
"532","ZBP1",0.291330928440428,"CHMP4B"
"533","AIM2",0.0716172970500895,"CHMP4C"
"534","APIP",0.292764500713451,"CHMP4C"
"535","BAK1",0.550562199938308,"CHMP4C"
"536","BAX",0.427901322697623,"CHMP4C"
"537","CASP1",0.0554495552963476,"CHMP4C"
"538","CASP3",0.310570050518691,"CHMP4C"
"539","CASP4",0.365583147996671,"CHMP4C"
"540","CASP5",0.0955842811642508,"CHMP4C"
"541","CASP8",0.363903863433902,"CHMP4C"
"542","CHMP2A",0.186788371196556,"CHMP4C"
"543","CHMP2B",0.359436566873167,"CHMP4C"
"544","CHMP3",0.522154775361442,"CHMP4C"
"545","CHMP4A",0.149912080516546,"CHMP4C"
"546","CHMP4B",0.444583172630452,"CHMP4C"
"547","CHMP4C",1,"CHMP4C"
"548","CHMP6",0.222990125171324,"CHMP4C"
"549","CHMP7",0.123918168324771,"CHMP4C"
"550","CYCS",0.234713178696823,"CHMP4C"
"551","DHX9",0.416932212589559,"CHMP4C"
"552","ELANE",-0.0886580965839231,"CHMP4C"
"553","GSDMA",0.124998992696362,"CHMP4C"
"554","GSDMB",0.219156082704058,"CHMP4C"
"555","GSDMC",0.17100171155531,"CHMP4C"
"556","GSDMD",0.452430688810543,"CHMP4C"
"557","GZMA",0.0195936451643843,"CHMP4C"
"558","GZMB",0.0209561892655554,"CHMP4C"
"559","IL18",0.24375937237573,"CHMP4C"
"560","IL1A",0.257185368483894,"CHMP4C"
"561","IL1B",0.0490989139534522,"CHMP4C"
"562","IRF1",0.252714104035513,"CHMP4C"
"563","IRF2",0.0052796352408844,"CHMP4C"
"564","NAIP",0.168073704216093,"CHMP4C"
"565","NLRC4",0.0767607085569179,"CHMP4C"
"566","NLRP1",0.123734181607795,"CHMP4C"
"567","NLRP9",0.160895722605199,"CHMP4C"
"568","TP53",0.299475412477286,"CHMP4C"
"569","TP63",-0.00817895595831176,"CHMP4C"
"570","ZBP1",0.104780534678824,"CHMP4C"
"571","AIM2",-0.012182170143276,"CHMP6"
"572","APIP",0.269276273881133,"CHMP6"
"573","BAK1",0.330714975185784,"CHMP6"
"574","BAX",0.467276103998453,"CHMP6"
"575","CASP1",0.008513297890586,"CHMP6"
"576","CASP3",0.194177554817039,"CHMP6"
"577","CASP4",0.0638786486593098,"CHMP6"
"578","CASP5",0.0114234673034688,"CHMP6"
"579","CASP8",0.154451844130977,"CHMP6"
"580","CHMP2A",0.444650097369359,"CHMP6"
"581","CHMP2B",0.0196233378923952,"CHMP6"
"582","CHMP3",0.205112194454549,"CHMP6"
"583","CHMP4A",0.272701732787643,"CHMP6"
"584","CHMP4B",0.409125207611641,"CHMP6"
"585","CHMP4C",0.222990125171324,"CHMP6"
"586","CHMP6",1,"CHMP6"
"587","CHMP7",0.123843179021954,"CHMP6"
"588","CYCS",0.0278450845229749,"CHMP6"
"589","DHX9",0.185848800495892,"CHMP6"
"590","ELANE",-0.0572382254948186,"CHMP6"
"591","GSDMA",0.0352279951533749,"CHMP6"
"592","GSDMB",0.17536705857497,"CHMP6"
"593","GSDMC",0.0530615574967767,"CHMP6"
"594","GSDMD",0.452022718288654,"CHMP6"
"595","GZMA",0.00242478403645601,"CHMP6"
"596","GZMB",0.0267932470088397,"CHMP6"
"597","IL18",0.0106587998498073,"CHMP6"
"598","IL1A",0.0708824875327664,"CHMP6"
"599","IL1B",-0.136744625372058,"CHMP6"
"600","IRF1",0.0775411561174745,"CHMP6"
"601","IRF2",0.0205063463318426,"CHMP6"
"602","NAIP",-0.107815532941764,"CHMP6"
"603","NLRC4",-0.0510453821832615,"CHMP6"
"604","NLRP1",0.0298349491575748,"CHMP6"
"605","NLRP9",0.0313818989491451,"CHMP6"
"606","TP53",0.055490634631075,"CHMP6"
"607","TP63",0.109667179573734,"CHMP6"
"608","ZBP1",0.0623400499417122,"CHMP6"
"609","AIM2",0.296248795797839,"CHMP7"
"610","APIP",0.143694976688822,"CHMP7"
"611","BAK1",0.331870079386535,"CHMP7"
"612","BAX",0.233849769550762,"CHMP7"
"613","CASP1",0.243049109487148,"CHMP7"
"614","CASP3",0.32364321399474,"CHMP7"
"615","CASP4",0.289577233223217,"CHMP7"
"616","CASP5",0.255176337155333,"CHMP7"
"617","CASP8",0.344963713090186,"CHMP7"
"618","CHMP2A",0.0338405302969553,"CHMP7"
"619","CHMP2B",0.283508268920619,"CHMP7"
"620","CHMP3",0.478968526868228,"CHMP7"
"621","CHMP4A",0.118757269729796,"CHMP7"
"622","CHMP4B",0.368450394190527,"CHMP7"
"623","CHMP4C",0.123918168324771,"CHMP7"
"624","CHMP6",0.123843179021954,"CHMP7"
"625","CHMP7",1,"CHMP7"
"626","CYCS",0.235118720491941,"CHMP7"
"627","DHX9",0.37658029545734,"CHMP7"
"628","ELANE",-0.00420122379550538,"CHMP7"
"629","GSDMA",0.205411678809466,"CHMP7"
"630","GSDMB",-0.0175003439271075,"CHMP7"
"631","GSDMC",0.147536171941269,"CHMP7"
"632","GSDMD",-0.0379504666043652,"CHMP7"
"633","GZMA",0.171653480792525,"CHMP7"
"634","GZMB",0.210971058563458,"CHMP7"
"635","IL18",0.323590137760872,"CHMP7"
"636","IL1A",0.154155201500432,"CHMP7"
"637","IL1B",0.212540904248338,"CHMP7"
"638","IRF1",0.230772128369884,"CHMP7"
"639","IRF2",0.268115651890686,"CHMP7"
"640","NAIP",0.319769024079095,"CHMP7"
"641","NLRC4",0.344501728395377,"CHMP7"
"642","NLRP1",0.229444639326728,"CHMP7"
"643","NLRP9",0.0870324380148116,"CHMP7"
"644","TP53",0.245766768510596,"CHMP7"
"645","TP63",0.101769175405638,"CHMP7"
"646","ZBP1",0.247151825773938,"CHMP7"
"647","AIM2",0.0847102117178158,"CYCS"
"648","APIP",0.234956870209015,"CYCS"
"649","BAK1",0.540902503648288,"CYCS"
"650","BAX",0.283144358254699,"CYCS"
"651","CASP1",0.125286836231773,"CYCS"
"652","CASP3",0.224304290054955,"CYCS"
"653","CASP4",0.296798340048681,"CYCS"
"654","CASP5",0.19262756921075,"CYCS"
"655","CASP8",0.264089681467006,"CYCS"
"656","CHMP2A",0.308618429974479,"CYCS"
"657","CHMP2B",0.313278063816283,"CYCS"
"658","CHMP3",0.396499029102605,"CYCS"
"659","CHMP4A",0.232962760915802,"CYCS"
"660","CHMP4B",0.472423879104166,"CYCS"
"661","CHMP4C",0.234713178696823,"CYCS"
"662","CHMP6",0.0278450845229749,"CYCS"
"663","CHMP7",0.235118720491941,"CYCS"
"664","CYCS",1,"CYCS"
"665","DHX9",0.206795385284627,"CYCS"
"666","ELANE",-0.0086370084974639,"CYCS"
"667","GSDMA",0.13663795107572,"CYCS"
"668","GSDMB",0.0184382057383989,"CYCS"
"669","GSDMC",0.202664446269221,"CYCS"
"670","GSDMD",0.113403321635466,"CYCS"
"671","GZMA",0.0627528386724627,"CYCS"
"672","GZMB",0.0958665485185178,"CYCS"
"673","IL18",0.156643165279038,"CYCS"
"674","IL1A",0.115917956434855,"CYCS"
"675","IL1B",0.00120565144886884,"CYCS"
"676","IRF1",0.131873252691711,"CYCS"
"677","IRF2",-0.075395814110799,"CYCS"
"678","NAIP",0.195080051920463,"CYCS"
"679","NLRC4",0.169577047883615,"CYCS"
"680","NLRP1",0.0952250732338816,"CYCS"
"681","NLRP9",0.105803854662783,"CYCS"
"682","TP53",0.0170283335139211,"CYCS"
"683","TP63",-0.0653241859014904,"CYCS"
"684","ZBP1",0.0282611173269836,"CYCS"
"685","AIM2",0.208167047179933,"DHX9"
"686","APIP",0.620725428367284,"DHX9"
"687","BAK1",0.553654491559312,"DHX9"
"688","BAX",0.386843834868969,"DHX9"
"689","CASP1",0.15355577892453,"DHX9"
"690","CASP3",0.588213780801077,"DHX9"
"691","CASP4",0.241392526319524,"DHX9"
"692","CASP5",0.276393962050788,"DHX9"
"693","CASP8",0.634165592246319,"DHX9"
"694","CHMP2A",-0.136713197979589,"DHX9"
"695","CHMP2B",0.588770715228537,"DHX9"
"696","CHMP3",0.688191827569586,"DHX9"
"697","CHMP4A",-0.050696892960571,"DHX9"
"698","CHMP4B",0.397370649824047,"DHX9"
"699","CHMP4C",0.416932212589559,"DHX9"
"700","CHMP6",0.185848800495892,"DHX9"
"701","CHMP7",0.37658029545734,"DHX9"
"702","CYCS",0.206795385284627,"DHX9"
"703","DHX9",1,"DHX9"
"704","ELANE",0.0074293809128193,"DHX9"
"705","GSDMA",0.212688257045774,"DHX9"
"706","GSDMB",0.142722497764132,"DHX9"
"707","GSDMC",0.220555293148862,"DHX9"
"708","GSDMD",0.0599497754091596,"DHX9"
"709","GZMA",-0.0366225138278735,"DHX9"
"710","GZMB",0.0481899696784639,"DHX9"
"711","IL18",0.172534715754644,"DHX9"
"712","IL1A",0.254225658424603,"DHX9"
"713","IL1B",0.181194993616053,"DHX9"
"714","IRF1",0.191498747200343,"DHX9"
"715","IRF2",0.498340139139373,"DHX9"
"716","NAIP",0.370959237037582,"DHX9"
"717","NLRC4",0.263764234042677,"DHX9"
"718","NLRP1",0.253831667796995,"DHX9"
"719","NLRP9",0.183597603410947,"DHX9"
"720","TP53",0.425340546929801,"DHX9"
"721","TP63",0.178043330083524,"DHX9"
"722","ZBP1",0.162450849181532,"DHX9"
"723","AIM2",0.0839717998382358,"ELANE"
"724","APIP",-0.000530827761437769,"ELANE"
"725","BAK1",-0.026806868361183,"ELANE"
"726","BAX",-0.0211100874400804,"ELANE"
"727","CASP1",0.197179584128363,"ELANE"
"728","CASP3",0.104876787219997,"ELANE"
"729","CASP4",0.0493944228771889,"ELANE"
"730","CASP5",0.0514794941438679,"ELANE"
"731","CASP8",-0.0105683453429376,"ELANE"
"732","CHMP2A",-0.0575224171271041,"ELANE"
"733","CHMP2B",0.00841556074678668,"ELANE"
"734","CHMP3",0.0395311128623861,"ELANE"
"735","CHMP4A",-0.0316014441909286,"ELANE"
"736","CHMP4B",0.0633562121072515,"ELANE"
"737","CHMP4C",-0.0886580965839231,"ELANE"
"738","CHMP6",-0.0572382254948186,"ELANE"
"739","CHMP7",-0.00420122379550538,"ELANE"
"740","CYCS",-0.0086370084974639,"ELANE"
"741","DHX9",0.0074293809128193,"ELANE"
"742","ELANE",1,"ELANE"
"743","GSDMA",0.109018982512094,"ELANE"
"744","GSDMB",-0.0109294022419194,"ELANE"
"745","GSDMC",0.0943058855696965,"ELANE"
"746","GSDMD",-0.0703068644126176,"ELANE"
"747","GZMA",0.154700377684167,"ELANE"
"748","GZMB",0.0227895000503418,"ELANE"
"749","IL18",0.0839949711952088,"ELANE"
"750","IL1A",0.0293665278950212,"ELANE"
"751","IL1B",0.112983133553353,"ELANE"
"752","IRF1",0.0582896018366247,"ELANE"
"753","IRF2",0.176799375664237,"ELANE"
"754","NAIP",0.071278228364161,"ELANE"
"755","NLRC4",0.0737136837472632,"ELANE"
"756","NLRP1",0.0613160014701503,"ELANE"
"757","NLRP9",0.0208613759496876,"ELANE"
"758","TP53",-0.00273350134897416,"ELANE"
"759","TP63",0.031707146731803,"ELANE"
"760","ZBP1",0.104628378794693,"ELANE"
"761","AIM2",0.630368113180146,"GSDMA"
"762","APIP",0.157409541740553,"GSDMA"
"763","BAK1",0.35043875139449,"GSDMA"
"764","BAX",0.266992754456811,"GSDMA"
"765","CASP1",0.53386152306017,"GSDMA"
"766","CASP3",0.30686874238685,"GSDMA"
"767","CASP4",0.412559341646642,"GSDMA"
"768","CASP5",0.623058788588786,"GSDMA"
"769","CASP8",0.287017560508016,"GSDMA"
"770","CHMP2A",0.0107819469323021,"GSDMA"
"771","CHMP2B",0.283512692193797,"GSDMA"
"772","CHMP3",0.34034195473044,"GSDMA"
"773","CHMP4A",0.146696546915097,"GSDMA"
"774","CHMP4B",0.348368283252571,"GSDMA"
"775","CHMP4C",0.124998992696362,"GSDMA"
"776","CHMP6",0.0352279951533749,"GSDMA"
"777","CHMP7",0.205411678809466,"GSDMA"
"778","CYCS",0.13663795107572,"GSDMA"
"779","DHX9",0.212688257045774,"GSDMA"
"780","ELANE",0.109018982512094,"GSDMA"
"781","GSDMA",1,"GSDMA"
"782","GSDMB",0.145579051539518,"GSDMA"
"783","GSDMC",0.294563708287425,"GSDMA"
"784","GSDMD",0.0925521760600709,"GSDMA"
"785","GZMA",0.474748412300651,"GSDMA"
"786","GZMB",0.441796427325832,"GSDMA"
"787","IL18",0.505575024597768,"GSDMA"
"788","IL1A",0.242039823905595,"GSDMA"
"789","IL1B",0.43287702444532,"GSDMA"
"790","IRF1",0.402496750474747,"GSDMA"
"791","IRF2",0.256156238629934,"GSDMA"
"792","NAIP",0.413843851304453,"GSDMA"
"793","NLRC4",0.582187087473913,"GSDMA"
"794","NLRP1",0.312223008385944,"GSDMA"
"795","NLRP9",-0.00676310059901523,"GSDMA"
"796","TP53",0.249941688470897,"GSDMA"
"797","TP63",0.0953969640259839,"GSDMA"
"798","ZBP1",0.524086476957882,"GSDMA"
"799","AIM2",0.0600646333901065,"GSDMB"
"800","APIP",0.184896250132378,"GSDMB"
"801","BAK1",0.156615533275993,"GSDMB"
"802","BAX",0.247260342937461,"GSDMB"
"803","CASP1",0.0570316422401388,"GSDMB"
"804","CASP3",0.193840665457112,"GSDMB"
"805","CASP4",0.093707041557945,"GSDMB"
"806","CASP5",0.0700044020918095,"GSDMB"
"807","CASP8",0.36852431915345,"GSDMB"
"808","CHMP2A",0.165929130774285,"GSDMB"
"809","CHMP2B",0.0196357247063894,"GSDMB"
"810","CHMP3",0.0624179995305776,"GSDMB"
"811","CHMP4A",0.245290107660345,"GSDMB"
"812","CHMP4B",0.185326088189685,"GSDMB"
"813","CHMP4C",0.219156082704058,"GSDMB"
"814","CHMP6",0.17536705857497,"GSDMB"
"815","CHMP7",-0.0175003439271075,"GSDMB"
"816","CYCS",0.0184382057383989,"GSDMB"
"817","DHX9",0.142722497764132,"GSDMB"
"818","ELANE",-0.0109294022419194,"GSDMB"
"819","GSDMA",0.145579051539518,"GSDMB"
"820","GSDMB",1,"GSDMB"
"821","GSDMC",0.0159514061201798,"GSDMB"
"822","GSDMD",0.171707826518525,"GSDMB"
"823","GZMA",0.0479343531898491,"GSDMB"
"824","GZMB",0.0390992494594295,"GSDMB"
"825","IL18",0.0883757260299956,"GSDMB"
"826","IL1A",0.161453546949471,"GSDMB"
"827","IL1B",-0.0477849341857709,"GSDMB"
"828","IRF1",0.134177362601975,"GSDMB"
"829","IRF2",0.0379058418118691,"GSDMB"
"830","NAIP",0.101252157823509,"GSDMB"
"831","NLRC4",0.0466942574249022,"GSDMB"
"832","NLRP1",0.294943043425503,"GSDMB"
"833","NLRP9",0.0700175903925854,"GSDMB"
"834","TP53",0.0449335138680026,"GSDMB"
"835","TP63",-0.0380094350161666,"GSDMB"
"836","ZBP1",0.127769269717551,"GSDMB"
"837","AIM2",0.229626038664558,"GSDMC"
"838","APIP",0.267289210166085,"GSDMC"
"839","BAK1",0.29736183017284,"GSDMC"
"840","BAX",0.196653341821282,"GSDMC"
"841","CASP1",0.273794243635868,"GSDMC"
"842","CASP3",0.279442293920689,"GSDMC"
"843","CASP4",0.210674666463537,"GSDMC"
"844","CASP5",0.218379557836826,"GSDMC"
"845","CASP8",0.309687183071489,"GSDMC"
"846","CHMP2A",0.0590902704324658,"GSDMC"
"847","CHMP2B",0.240389781337605,"GSDMC"
"848","CHMP3",0.293406134417584,"GSDMC"
"849","CHMP4A",-0.011698802946182,"GSDMC"
"850","CHMP4B",0.219408848844632,"GSDMC"
"851","CHMP4C",0.17100171155531,"GSDMC"
"852","CHMP6",0.0530615574967767,"GSDMC"
"853","CHMP7",0.147536171941269,"GSDMC"
"854","CYCS",0.202664446269221,"GSDMC"
"855","DHX9",0.220555293148862,"GSDMC"
"856","ELANE",0.0943058855696965,"GSDMC"
"857","GSDMA",0.294563708287425,"GSDMC"
"858","GSDMB",0.0159514061201798,"GSDMC"
"859","GSDMC",1,"GSDMC"
"860","GSDMD",0.0947101071284233,"GSDMC"
"861","GZMA",0.0627571830980092,"GSDMC"
"862","GZMB",0.0596115119679272,"GSDMC"
"863","IL18",0.209559994871455,"GSDMC"
"864","IL1A",0.192521133311925,"GSDMC"
"865","IL1B",0.111420514794307,"GSDMC"
"866","IRF1",0.146887385267405,"GSDMC"
"867","IRF2",0.200055295965712,"GSDMC"
"868","NAIP",0.180521046115529,"GSDMC"
"869","NLRC4",0.184898511325646,"GSDMC"
"870","NLRP1",0.242160356770342,"GSDMC"
"871","NLRP9",0.13857087383198,"GSDMC"
"872","TP53",0.106001178618693,"GSDMC"
"873","TP63",0.127717285255319,"GSDMC"
"874","ZBP1",0.0872333051353989,"GSDMC"
"875","AIM2",0.123402388045181,"GSDMD"
"876","APIP",0.183430919113733,"GSDMD"
"877","BAK1",0.331499047249452,"GSDMD"
"878","BAX",0.545964881050221,"GSDMD"
"879","CASP1",0.0906271571520846,"GSDMD"
"880","CASP3",0.108830719743727,"GSDMD"
"881","CASP4",0.176736815915356,"GSDMD"
"882","CASP5",0.126707964992654,"GSDMD"
"883","CASP8",0.0518040269504007,"GSDMD"
"884","CHMP2A",0.495175665246348,"GSDMD"
"885","CHMP2B",-0.0230101136200937,"GSDMD"
"886","CHMP3",0.109997030040989,"GSDMD"
"887","CHMP4A",0.306195737443494,"GSDMD"
"888","CHMP4B",0.371585787957047,"GSDMD"
"889","CHMP4C",0.452430688810543,"GSDMD"
"890","CHMP6",0.452022718288654,"GSDMD"
"891","CHMP7",-0.0379504666043652,"GSDMD"
"892","CYCS",0.113403321635466,"GSDMD"
"893","DHX9",0.0599497754091596,"GSDMD"
"894","ELANE",-0.0703068644126176,"GSDMD"
"895","GSDMA",0.0925521760600709,"GSDMD"
"896","GSDMB",0.171707826518525,"GSDMD"
"897","GSDMC",0.0947101071284233,"GSDMD"
"898","GSDMD",1,"GSDMD"
"899","GZMA",0.164837309704813,"GSDMD"
"900","GZMB",0.172359893240192,"GSDMD"
"901","IL18",0.109100471355835,"GSDMD"
"902","IL1A",0.074656339126507,"GSDMD"
"903","IL1B",-0.0922457847428693,"GSDMD"
"904","IRF1",0.231063352046666,"GSDMD"
"905","IRF2",-0.211874740055902,"GSDMD"
"906","NAIP",-0.0865497735868808,"GSDMD"
"907","NLRC4",0.00959220947197954,"GSDMD"
"908","NLRP1",0.0804036212131261,"GSDMD"
"909","NLRP9",0.0905365982694242,"GSDMD"
"910","TP53",0.141754470885397,"GSDMD"
"911","TP63",0.0289916724937872,"GSDMD"
"912","ZBP1",0.15558270771113,"GSDMD"
"913","AIM2",0.713089124547949,"GZMA"
"914","APIP",-0.0444217438996452,"GZMA"
"915","BAK1",0.190981547684582,"GZMA"
"916","BAX",0.238445826306134,"GZMA"
"917","CASP1",0.698125529814888,"GZMA"
"918","CASP3",0.205826166635858,"GZMA"
"919","CASP4",0.424814076257709,"GZMA"
"920","CASP5",0.518314345406198,"GZMA"
"921","CASP8",0.119257170481014,"GZMA"
"922","CHMP2A",0.117501867191843,"GZMA"
"923","CHMP2B",0.112443819734778,"GZMA"
"924","CHMP3",0.147845929684454,"GZMA"
"925","CHMP4A",0.285249946589361,"GZMA"
"926","CHMP4B",0.256479764133079,"GZMA"
"927","CHMP4C",0.0195936451643843,"GZMA"
"928","CHMP6",0.00242478403645601,"GZMA"
"929","CHMP7",0.171653480792525,"GZMA"
"930","CYCS",0.0627528386724627,"GZMA"
"931","DHX9",-0.0366225138278735,"GZMA"
"932","ELANE",0.154700377684167,"GZMA"
"933","GSDMA",0.474748412300651,"GZMA"
"934","GSDMB",0.0479343531898491,"GZMA"
"935","GSDMC",0.0627571830980092,"GZMA"
"936","GSDMD",0.164837309704813,"GZMA"
"937","GZMA",1,"GZMA"
"938","GZMB",0.771464821721958,"GZMA"
"939","IL18",0.59703683386587,"GZMA"
"940","IL1A",0.157807434847215,"GZMA"
"941","IL1B",0.405967492801648,"GZMA"
"942","IRF1",0.590215203173813,"GZMA"
"943","IRF2",0.184156287440955,"GZMA"
"944","NAIP",0.348518452211209,"GZMA"
"945","NLRC4",0.601658099034727,"GZMA"
"946","NLRP1",0.320404520564805,"GZMA"
"947","NLRP9",-0.0725204217049366,"GZMA"
"948","TP53",0.202096566686298,"GZMA"
"949","TP63",0.0516624367075631,"GZMA"
"950","ZBP1",0.7462343688543,"GZMA"
"951","AIM2",0.687014340900822,"GZMB"
"952","APIP",0.0483345830847067,"GZMB"
"953","BAK1",0.224189241870906,"GZMB"
"954","BAX",0.247346501848676,"GZMB"
"955","CASP1",0.529420154222061,"GZMB"
"956","CASP3",0.130687725918725,"GZMB"
"957","CASP4",0.361016776326761,"GZMB"
"958","CASP5",0.588512375179024,"GZMB"
"959","CASP8",0.117439655010105,"GZMB"
"960","CHMP2A",0.105898125365154,"GZMB"
"961","CHMP2B",0.0866579660373589,"GZMB"
"962","CHMP3",0.116356084902647,"GZMB"
"963","CHMP4A",0.242914677229856,"GZMB"
"964","CHMP4B",0.266903827630906,"GZMB"
"965","CHMP4C",0.0209561892655554,"GZMB"
"966","CHMP6",0.0267932470088397,"GZMB"
"967","CHMP7",0.210971058563458,"GZMB"
"968","CYCS",0.0958665485185178,"GZMB"
"969","DHX9",0.0481899696784639,"GZMB"
"970","ELANE",0.0227895000503418,"GZMB"
"971","GSDMA",0.441796427325832,"GZMB"
"972","GSDMB",0.0390992494594295,"GZMB"
"973","GSDMC",0.0596115119679272,"GZMB"
"974","GSDMD",0.172359893240192,"GZMB"
"975","GZMA",0.771464821721958,"GZMB"
"976","GZMB",1,"GZMB"
"977","IL18",0.531421537462439,"GZMB"
"978","IL1A",0.161821218629254,"GZMB"
"979","IL1B",0.350183161863822,"GZMB"
"980","IRF1",0.528548687541426,"GZMB"
"981","IRF2",0.134394448553969,"GZMB"
"982","NAIP",0.319022705706783,"GZMB"
"983","NLRC4",0.507079383772949,"GZMB"
"984","NLRP1",0.243862826029648,"GZMB"
"985","NLRP9",-0.0287103847085279,"GZMB"
"986","TP53",0.147726810239293,"GZMB"
"987","TP63",0.105674202220289,"GZMB"
"988","ZBP1",0.692524812764658,"GZMB"
"989","AIM2",0.613624404290979,"IL18"
"990","APIP",0.0201295462808198,"IL18"
"991","BAK1",0.404846667169265,"IL18"
"992","BAX",0.366391744218211,"IL18"
"993","CASP1",0.61274531129557,"IL18"
"994","CASP3",0.235674961328513,"IL18"
"995","CASP4",0.579426692931065,"IL18"
"996","CASP5",0.510081496565059,"IL18"
"997","CASP8",0.309642819088922,"IL18"
"998","CHMP2A",0.0686380416928879,"IL18"
"999","CHMP2B",0.257132723419723,"IL18"
"1000","CHMP3",0.409001344734337,"IL18"
"1001","CHMP4A",0.354282087504192,"IL18"
"1002","CHMP4B",0.451587958751845,"IL18"
"1003","CHMP4C",0.24375937237573,"IL18"
"1004","CHMP6",0.0106587998498073,"IL18"
"1005","CHMP7",0.323590137760872,"IL18"
"1006","CYCS",0.156643165279038,"IL18"
"1007","DHX9",0.172534715754644,"IL18"
"1008","ELANE",0.0839949711952088,"IL18"
"1009","GSDMA",0.505575024597768,"IL18"
"1010","GSDMB",0.0883757260299956,"IL18"
"1011","GSDMC",0.209559994871455,"IL18"
"1012","GSDMD",0.109100471355835,"IL18"
"1013","GZMA",0.59703683386587,"IL18"
"1014","GZMB",0.531421537462439,"IL18"
"1015","IL18",1,"IL18"
"1016","IL1A",0.421669487900176,"IL18"
"1017","IL1B",0.51672866060309,"IL18"
"1018","IRF1",0.51788719050245,"IL18"
"1019","IRF2",0.172592795336981,"IL18"
"1020","NAIP",0.414641966513321,"IL18"
"1021","NLRC4",0.624874443821554,"IL18"
"1022","NLRP1",0.370011902647959,"IL18"
"1023","NLRP9",-0.0433359133416624,"IL18"
"1024","TP53",0.289807952481758,"IL18"
"1025","TP63",0.0451835750699532,"IL18"
"1026","ZBP1",0.569643002172208,"IL18"
"1027","AIM2",0.285096222429433,"IL1A"
"1028","APIP",0.154928172059807,"IL1A"
"1029","BAK1",0.314839872578881,"IL1A"
"1030","BAX",0.216738763347113,"IL1A"
"1031","CASP1",0.238559142636755,"IL1A"
"1032","CASP3",0.251630312868947,"IL1A"
"1033","CASP4",0.221098044667702,"IL1A"
"1034","CASP5",0.25723980834048,"IL1A"
"1035","CASP8",0.260726204392108,"IL1A"
"1036","CHMP2A",-0.0347654563274951,"IL1A"
"1037","CHMP2B",0.252136582410776,"IL1A"
"1038","CHMP3",0.324528393188156,"IL1A"
"1039","CHMP4A",0.193474403089706,"IL1A"
"1040","CHMP4B",0.331899137237441,"IL1A"
"1041","CHMP4C",0.257185368483894,"IL1A"
"1042","CHMP6",0.0708824875327664,"IL1A"
"1043","CHMP7",0.154155201500432,"IL1A"
"1044","CYCS",0.115917956434855,"IL1A"
"1045","DHX9",0.254225658424603,"IL1A"
"1046","ELANE",0.0293665278950212,"IL1A"
"1047","GSDMA",0.242039823905595,"IL1A"
"1048","GSDMB",0.161453546949471,"IL1A"
"1049","GSDMC",0.192521133311925,"IL1A"
"1050","GSDMD",0.074656339126507,"IL1A"
"1051","GZMA",0.157807434847215,"IL1A"
"1052","GZMB",0.161821218629254,"IL1A"
"1053","IL18",0.421669487900176,"IL1A"
"1054","IL1A",1,"IL1A"
"1055","IL1B",0.394961647450171,"IL1A"
"1056","IRF1",0.178718009194173,"IL1A"
"1057","IRF2",0.148217310465702,"IL1A"
"1058","NAIP",0.217846600438806,"IL1A"
"1059","NLRC4",0.350622128060846,"IL1A"
"1060","NLRP1",0.289579880274117,"IL1A"
"1061","NLRP9",0.0378016543730932,"IL1A"
"1062","TP53",0.201616882720759,"IL1A"
"1063","TP63",0.12503315105068,"IL1A"
"1064","ZBP1",0.200545519380246,"IL1A"
"1065","AIM2",0.513472372823145,"IL1B"
"1066","APIP",0.0387891474679445,"IL1B"
"1067","BAK1",0.230819601325868,"IL1B"
"1068","BAX",0.0722118705143775,"IL1B"
"1069","CASP1",0.514685172844813,"IL1B"
"1070","CASP3",0.155021060620435,"IL1B"
"1071","CASP4",0.409299460066186,"IL1B"
"1072","CASP5",0.529725607548436,"IL1B"
"1073","CASP8",0.235814669997217,"IL1B"
"1074","CHMP2A",-0.206974806890376,"IL1B"
"1075","CHMP2B",0.315130189380576,"IL1B"
"1076","CHMP3",0.262395049778813,"IL1B"
"1077","CHMP4A",0.0890748325883127,"IL1B"
"1078","CHMP4B",0.216762930938864,"IL1B"
"1079","CHMP4C",0.0490989139534522,"IL1B"
"1080","CHMP6",-0.136744625372058,"IL1B"
"1081","CHMP7",0.212540904248338,"IL1B"
"1082","CYCS",0.00120565144886884,"IL1B"
"1083","DHX9",0.181194993616053,"IL1B"
"1084","ELANE",0.112983133553353,"IL1B"
"1085","GSDMA",0.43287702444532,"IL1B"
"1086","GSDMB",-0.0477849341857709,"IL1B"
"1087","GSDMC",0.111420514794307,"IL1B"
"1088","GSDMD",-0.0922457847428693,"IL1B"
"1089","GZMA",0.405967492801648,"IL1B"
"1090","GZMB",0.350183161863822,"IL1B"
"1091","IL18",0.51672866060309,"IL1B"
"1092","IL1A",0.394961647450171,"IL1B"
"1093","IL1B",1,"IL1B"
"1094","IRF1",0.411309884403653,"IL1B"
"1095","IRF2",0.237566271655255,"IL1B"
"1096","NAIP",0.4185665888697,"IL1B"
"1097","NLRC4",0.589330094658944,"IL1B"
"1098","NLRP1",0.221334788198957,"IL1B"
"1099","NLRP9",-0.0115662763729533,"IL1B"
"1100","TP53",0.192016714071287,"IL1B"
"1101","TP63",0.0452666149111365,"IL1B"
"1102","ZBP1",0.425900292679049,"IL1B"
"1103","AIM2",0.551772582601101,"IRF1"
"1104","APIP",0.106409886611613,"IRF1"
"1105","BAK1",0.358962149031013,"IRF1"
"1106","BAX",0.217461065470853,"IRF1"
"1107","CASP1",0.660288988800869,"IRF1"
"1108","CASP3",0.314548273540695,"IRF1"
"1109","CASP4",0.546443704369973,"IRF1"
"1110","CASP5",0.468761973867693,"IRF1"
"1111","CASP8",0.313562956222009,"IRF1"
"1112","CHMP2A",0.0343543339589265,"IRF1"
"1113","CHMP2B",0.326333410277959,"IRF1"
"1114","CHMP3",0.283776378072657,"IRF1"
"1115","CHMP4A",0.18040575590986,"IRF1"
"1116","CHMP4B",0.354279103358539,"IRF1"
"1117","CHMP4C",0.252714104035513,"IRF1"
"1118","CHMP6",0.0775411561174745,"IRF1"
"1119","CHMP7",0.230772128369884,"IRF1"
"1120","CYCS",0.131873252691711,"IRF1"
"1121","DHX9",0.191498747200343,"IRF1"
"1122","ELANE",0.0582896018366247,"IRF1"
"1123","GSDMA",0.402496750474747,"IRF1"
"1124","GSDMB",0.134177362601975,"IRF1"
"1125","GSDMC",0.146887385267405,"IRF1"
"1126","GSDMD",0.231063352046666,"IRF1"
"1127","GZMA",0.590215203173813,"IRF1"
"1128","GZMB",0.528548687541426,"IRF1"
"1129","IL18",0.51788719050245,"IRF1"
"1130","IL1A",0.178718009194173,"IRF1"
"1131","IL1B",0.411309884403653,"IRF1"
"1132","IRF1",1,"IRF1"
"1133","IRF2",0.255427125688734,"IRF1"
"1134","NAIP",0.337851002901397,"IRF1"
"1135","NLRC4",0.432415637981956,"IRF1"
"1136","NLRP1",0.285714281487488,"IRF1"
"1137","NLRP9",0.0683758912328575,"IRF1"
"1138","TP53",0.149353087418571,"IRF1"
"1139","TP63",0.0870900939628296,"IRF1"
"1140","ZBP1",0.552171637457125,"IRF1"
"1141","AIM2",0.263560260919276,"IRF2"
"1142","APIP",0.38209385279804,"IRF2"
"1143","BAK1",0.145662974445648,"IRF2"
"1144","BAX",-0.0461505480552168,"IRF2"
"1145","CASP1",0.391645755408441,"IRF2"
"1146","CASP3",0.593090319431934,"IRF2"
"1147","CASP4",0.173182324380453,"IRF2"
"1148","CASP5",0.251687504559884,"IRF2"
"1149","CASP8",0.561981647960957,"IRF2"
"1150","CHMP2A",-0.332091117042066,"IRF2"
"1151","CHMP2B",0.394246942546881,"IRF2"
"1152","CHMP3",0.340961148208749,"IRF2"
"1153","CHMP4A",-0.232997761321037,"IRF2"
"1154","CHMP4B",0.0191875684093439,"IRF2"
"1155","CHMP4C",0.0052796352408844,"IRF2"
"1156","CHMP6",0.0205063463318426,"IRF2"
"1157","CHMP7",0.268115651890686,"IRF2"
"1158","CYCS",-0.075395814110799,"IRF2"
"1159","DHX9",0.498340139139373,"IRF2"
"1160","ELANE",0.176799375664237,"IRF2"
"1161","GSDMA",0.256156238629934,"IRF2"
"1162","GSDMB",0.0379058418118691,"IRF2"
"1163","GSDMC",0.200055295965712,"IRF2"
"1164","GSDMD",-0.211874740055902,"IRF2"
"1165","GZMA",0.184156287440955,"IRF2"
"1166","GZMB",0.134394448553969,"IRF2"
"1167","IL18",0.172592795336981,"IRF2"
"1168","IL1A",0.148217310465702,"IRF2"
"1169","IL1B",0.237566271655255,"IRF2"
"1170","IRF1",0.255427125688734,"IRF2"
"1171","IRF2",1,"IRF2"
"1172","NAIP",0.372711291517364,"IRF2"
"1173","NLRC4",0.269108711988185,"IRF2"
"1174","NLRP1",0.27361181548647,"IRF2"
"1175","NLRP9",0.164857968867684,"IRF2"
"1176","TP53",0.170946547118629,"IRF2"
"1177","TP63",0.263266182958998,"IRF2"
"1178","ZBP1",0.274435370518762,"IRF2"
"1179","AIM2",0.486910692163445,"NAIP"
"1180","APIP",0.153825269224176,"NAIP"
"1181","BAK1",0.354358254409383,"NAIP"
"1182","BAX",0.128317777021121,"NAIP"
"1183","CASP1",0.395564014939511,"NAIP"
"1184","CASP3",0.340360498837329,"NAIP"
"1185","CASP4",0.401655357845964,"NAIP"
"1186","CASP5",0.475524598088202,"NAIP"
"1187","CASP8",0.455583722458326,"NAIP"
"1188","CHMP2A",-0.127857215446274,"NAIP"
"1189","CHMP2B",0.381752483719302,"NAIP"
"1190","CHMP3",0.485590718328195,"NAIP"
"1191","CHMP4A",0.0724491296617356,"NAIP"
"1192","CHMP4B",0.278469741828765,"NAIP"
"1193","CHMP4C",0.168073704216093,"NAIP"
"1194","CHMP6",-0.107815532941764,"NAIP"
"1195","CHMP7",0.319769024079095,"NAIP"
"1196","CYCS",0.195080051920463,"NAIP"
"1197","DHX9",0.370959237037582,"NAIP"
"1198","ELANE",0.071278228364161,"NAIP"
"1199","GSDMA",0.413843851304453,"NAIP"
"1200","GSDMB",0.101252157823509,"NAIP"
"1201","GSDMC",0.180521046115529,"NAIP"
"1202","GSDMD",-0.0865497735868808,"NAIP"
"1203","GZMA",0.348518452211209,"NAIP"
"1204","GZMB",0.319022705706783,"NAIP"
"1205","IL18",0.414641966513321,"NAIP"
"1206","IL1A",0.217846600438806,"NAIP"
"1207","IL1B",0.4185665888697,"NAIP"
"1208","IRF1",0.337851002901397,"NAIP"
"1209","IRF2",0.372711291517364,"NAIP"
"1210","NAIP",1,"NAIP"
"1211","NLRC4",0.574338468592614,"NAIP"
"1212","NLRP1",0.31605317464953,"NAIP"
"1213","NLRP9",0.0364937333162777,"NAIP"
"1214","TP53",0.240284101736989,"NAIP"
"1215","TP63",0.0936401591965007,"NAIP"
"1216","ZBP1",0.424744229638813,"NAIP"
"1217","AIM2",0.671619538015792,"NLRC4"
"1218","APIP",0.115218624718191,"NLRC4"
"1219","BAK1",0.351620291907412,"NLRC4"
"1220","BAX",0.212139324312588,"NLRC4"
"1221","CASP1",0.613400280197539,"NLRC4"
"1222","CASP3",0.259373487563622,"NLRC4"
"1223","CASP4",0.494320290790529,"NLRC4"
"1224","CASP5",0.611736289942335,"NLRC4"
"1225","CASP8",0.325034777564813,"NLRC4"
"1226","CHMP2A",-0.0851351185499343,"NLRC4"
"1227","CHMP2B",0.318246344983451,"NLRC4"
"1228","CHMP3",0.390449081809721,"NLRC4"
"1229","CHMP4A",0.16482581983466,"NLRC4"
"1230","CHMP4B",0.319063051008309,"NLRC4"
"1231","CHMP4C",0.0767607085569179,"NLRC4"
"1232","CHMP6",-0.0510453821832615,"NLRC4"
"1233","CHMP7",0.344501728395377,"NLRC4"
"1234","CYCS",0.169577047883615,"NLRC4"
"1235","DHX9",0.263764234042677,"NLRC4"
"1236","ELANE",0.0737136837472632,"NLRC4"
"1237","GSDMA",0.582187087473913,"NLRC4"
"1238","GSDMB",0.0466942574249022,"NLRC4"
"1239","GSDMC",0.184898511325646,"NLRC4"
"1240","GSDMD",0.00959220947197954,"NLRC4"
"1241","GZMA",0.601658099034727,"NLRC4"
"1242","GZMB",0.507079383772949,"NLRC4"
"1243","IL18",0.624874443821554,"NLRC4"
"1244","IL1A",0.350622128060846,"NLRC4"
"1245","IL1B",0.589330094658944,"NLRC4"
"1246","IRF1",0.432415637981956,"NLRC4"
"1247","IRF2",0.269108711988185,"NLRC4"
"1248","NAIP",0.574338468592614,"NLRC4"
"1249","NLRC4",1,"NLRC4"
"1250","NLRP1",0.396113147910546,"NLRC4"
"1251","NLRP9",0.00966280447655883,"NLRC4"
"1252","TP53",0.264750176308951,"NLRC4"
"1253","TP63",0.0832732829539771,"NLRC4"
"1254","ZBP1",0.585532178849055,"NLRC4"
"1255","AIM2",0.389700269956474,"NLRP1"
"1256","APIP",0.163414488820655,"NLRP1"
"1257","BAK1",0.219903994602634,"NLRP1"
"1258","BAX",0.201253147346991,"NLRP1"
"1259","CASP1",0.407116972571458,"NLRP1"
"1260","CASP3",0.277894371753126,"NLRP1"
"1261","CASP4",0.265124796959932,"NLRP1"
"1262","CASP5",0.256765231170832,"NLRP1"
"1263","CASP8",0.365371196098684,"NLRP1"
"1264","CHMP2A",-0.0233748442597712,"NLRP1"
"1265","CHMP2B",0.260917795698361,"NLRP1"
"1266","CHMP3",0.27766995848991,"NLRP1"
"1267","CHMP4A",0.0995336842147487,"NLRP1"
"1268","CHMP4B",0.207052432478674,"NLRP1"
"1269","CHMP4C",0.123734181607795,"NLRP1"
"1270","CHMP6",0.0298349491575748,"NLRP1"
"1271","CHMP7",0.229444639326728,"NLRP1"
"1272","CYCS",0.0952250732338816,"NLRP1"
"1273","DHX9",0.253831667796995,"NLRP1"
"1274","ELANE",0.0613160014701503,"NLRP1"
"1275","GSDMA",0.312223008385944,"NLRP1"
"1276","GSDMB",0.294943043425503,"NLRP1"
"1277","GSDMC",0.242160356770342,"NLRP1"
"1278","GSDMD",0.0804036212131261,"NLRP1"
"1279","GZMA",0.320404520564805,"NLRP1"
"1280","GZMB",0.243862826029648,"NLRP1"
"1281","IL18",0.370011902647959,"NLRP1"
"1282","IL1A",0.289579880274117,"NLRP1"
"1283","IL1B",0.221334788198957,"NLRP1"
"1284","IRF1",0.285714281487488,"NLRP1"
"1285","IRF2",0.27361181548647,"NLRP1"
"1286","NAIP",0.31605317464953,"NLRP1"
"1287","NLRC4",0.396113147910546,"NLRP1"
"1288","NLRP1",1,"NLRP1"
"1289","NLRP9",-0.0208210725279045,"NLRP1"
"1290","TP53",0.138352864054341,"NLRP1"
"1291","TP63",0.0809603343240987,"NLRP1"
"1292","ZBP1",0.367769827647313,"NLRP1"
"1293","AIM2",-0.0325890535670189,"NLRP9"
"1294","APIP",0.161121420106433,"NLRP9"
"1295","BAK1",0.156249201579942,"NLRP9"
"1296","BAX",0.0877476241025987,"NLRP9"
"1297","CASP1",-0.0258208349614334,"NLRP9"
"1298","CASP3",0.0750465891320819,"NLRP9"
"1299","CASP4",0.0373968705712126,"NLRP9"
"1300","CASP5",-0.0283209342897666,"NLRP9"
"1301","CASP8",0.149467187281962,"NLRP9"
"1302","CHMP2A",0.0256870698061762,"NLRP9"
"1303","CHMP2B",0.0475573253809052,"NLRP9"
"1304","CHMP3",0.184704769050046,"NLRP9"
"1305","CHMP4A",0.0262638493270521,"NLRP9"
"1306","CHMP4B",0.121926950010173,"NLRP9"
"1307","CHMP4C",0.160895722605199,"NLRP9"
"1308","CHMP6",0.0313818989491451,"NLRP9"
"1309","CHMP7",0.0870324380148116,"NLRP9"
"1310","CYCS",0.105803854662783,"NLRP9"
"1311","DHX9",0.183597603410947,"NLRP9"
"1312","ELANE",0.0208613759496876,"NLRP9"
"1313","GSDMA",-0.00676310059901523,"NLRP9"
"1314","GSDMB",0.0700175903925854,"NLRP9"
"1315","GSDMC",0.13857087383198,"NLRP9"
"1316","GSDMD",0.0905365982694242,"NLRP9"
"1317","GZMA",-0.0725204217049366,"NLRP9"
"1318","GZMB",-0.0287103847085279,"NLRP9"
"1319","IL18",-0.0433359133416624,"NLRP9"
"1320","IL1A",0.0378016543730932,"NLRP9"
"1321","IL1B",-0.0115662763729533,"NLRP9"
"1322","IRF1",0.0683758912328575,"NLRP9"
"1323","IRF2",0.164857968867684,"NLRP9"
"1324","NAIP",0.0364937333162777,"NLRP9"
"1325","NLRC4",0.00966280447655883,"NLRP9"
"1326","NLRP1",-0.0208210725279045,"NLRP9"
"1327","NLRP9",1,"NLRP9"
"1328","TP53",0.122356496330434,"NLRP9"
"1329","TP63",0.0776513032963183,"NLRP9"
"1330","ZBP1",0.0372234812849334,"NLRP9"
"1331","AIM2",0.233978794460106,"TP53"
"1332","APIP",0.226514919970134,"TP53"
"1333","BAK1",0.301356441243343,"TP53"
"1334","BAX",0.451163303069427,"TP53"
"1335","CASP1",0.0969178089488183,"TP53"
"1336","CASP3",0.282040757547304,"TP53"
"1337","CASP4",0.286147871947812,"TP53"
"1338","CASP5",0.167439878439547,"TP53"
"1339","CASP8",0.226342819151916,"TP53"
"1340","CHMP2A",0.0698506783229751,"TP53"
"1341","CHMP2B",0.153627799991088,"TP53"
"1342","CHMP3",0.469241349960214,"TP53"
"1343","CHMP4A",0.158263138438419,"TP53"
"1344","CHMP4B",0.289156694762657,"TP53"
"1345","CHMP4C",0.299475412477286,"TP53"
"1346","CHMP6",0.055490634631075,"TP53"
"1347","CHMP7",0.245766768510596,"TP53"
"1348","CYCS",0.0170283335139211,"TP53"
"1349","DHX9",0.425340546929801,"TP53"
"1350","ELANE",-0.00273350134897416,"TP53"
"1351","GSDMA",0.249941688470897,"TP53"
"1352","GSDMB",0.0449335138680026,"TP53"
"1353","GSDMC",0.106001178618693,"TP53"
"1354","GSDMD",0.141754470885397,"TP53"
"1355","GZMA",0.202096566686298,"TP53"
"1356","GZMB",0.147726810239293,"TP53"
"1357","IL18",0.289807952481758,"TP53"
"1358","IL1A",0.201616882720759,"TP53"
"1359","IL1B",0.192016714071287,"TP53"
"1360","IRF1",0.149353087418571,"TP53"
"1361","IRF2",0.170946547118629,"TP53"
"1362","NAIP",0.240284101736989,"TP53"
"1363","NLRC4",0.264750176308951,"TP53"
"1364","NLRP1",0.138352864054341,"TP53"
"1365","NLRP9",0.122356496330434,"TP53"
"1366","TP53",1,"TP53"
"1367","TP63",0.0382831352744657,"TP53"
"1368","ZBP1",0.259920598745259,"TP53"
"1369","AIM2",0.136622560355669,"TP63"
"1370","APIP",0.168800060790153,"TP63"
"1371","BAK1",0.0971582798150277,"TP63"
"1372","BAX",0.0773724613512254,"TP63"
"1373","CASP1",0.0896991315166107,"TP63"
"1374","CASP3",0.138126080758497,"TP63"
"1375","CASP4",-0.0424921112367372,"TP63"
"1376","CASP5",0.122949727808408,"TP63"
"1377","CASP8",0.150347164915752,"TP63"
"1378","CHMP2A",0.00172052821580465,"TP63"
"1379","CHMP2B",0.113996090445628,"TP63"
"1380","CHMP3",0.117125280546026,"TP63"
"1381","CHMP4A",-0.0496877922187284,"TP63"
"1382","CHMP4B",0.0488526347219696,"TP63"
"1383","CHMP4C",-0.00817895595831176,"TP63"
"1384","CHMP6",0.109667179573734,"TP63"
"1385","CHMP7",0.101769175405638,"TP63"
"1386","CYCS",-0.0653241859014904,"TP63"
"1387","DHX9",0.178043330083524,"TP63"
"1388","ELANE",0.031707146731803,"TP63"
"1389","GSDMA",0.0953969640259839,"TP63"
"1390","GSDMB",-0.0380094350161666,"TP63"
"1391","GSDMC",0.127717285255319,"TP63"
"1392","GSDMD",0.0289916724937872,"TP63"
"1393","GZMA",0.0516624367075631,"TP63"
"1394","GZMB",0.105674202220289,"TP63"
"1395","IL18",0.0451835750699532,"TP63"
"1396","IL1A",0.12503315105068,"TP63"
"1397","IL1B",0.0452666149111365,"TP63"
"1398","IRF1",0.0870900939628296,"TP63"
"1399","IRF2",0.263266182958998,"TP63"
"1400","NAIP",0.0936401591965007,"TP63"
"1401","NLRC4",0.0832732829539771,"TP63"
"1402","NLRP1",0.0809603343240987,"TP63"
"1403","NLRP9",0.0776513032963183,"TP63"
"1404","TP53",0.0382831352744657,"TP63"
"1405","TP63",1,"TP63"
"1406","ZBP1",0.0836894478365646,"TP63"
"1407","AIM2",0.792179318429159,"ZBP1"
"1408","APIP",0.0645829703347068,"ZBP1"
"1409","BAK1",0.278684629998962,"ZBP1"
"1410","BAX",0.253648881367478,"ZBP1"
"1411","CASP1",0.611551933218621,"ZBP1"
"1412","CASP3",0.275285043427802,"ZBP1"
"1413","CASP4",0.42000045637913,"ZBP1"
"1414","CASP5",0.589110112147421,"ZBP1"
"1415","CASP8",0.260578842605303,"ZBP1"
"1416","CHMP2A",0.0337513150251479,"ZBP1"
"1417","CHMP2B",0.195462752911281,"ZBP1"
"1418","CHMP3",0.231641090230201,"ZBP1"
"1419","CHMP4A",0.231834657731344,"ZBP1"
"1420","CHMP4B",0.291330928440428,"ZBP1"
"1421","CHMP4C",0.104780534678824,"ZBP1"
"1422","CHMP6",0.0623400499417122,"ZBP1"
"1423","CHMP7",0.247151825773938,"ZBP1"
"1424","CYCS",0.0282611173269836,"ZBP1"
"1425","DHX9",0.162450849181532,"ZBP1"
"1426","ELANE",0.104628378794693,"ZBP1"
"1427","GSDMA",0.524086476957882,"ZBP1"
"1428","GSDMB",0.127769269717551,"ZBP1"
"1429","GSDMC",0.0872333051353989,"ZBP1"
"1430","GSDMD",0.15558270771113,"ZBP1"
"1431","GZMA",0.7462343688543,"ZBP1"
"1432","GZMB",0.692524812764658,"ZBP1"
"1433","IL18",0.569643002172208,"ZBP1"
"1434","IL1A",0.200545519380246,"ZBP1"
"1435","IL1B",0.425900292679049,"ZBP1"
"1436","IRF1",0.552171637457125,"ZBP1"
"1437","IRF2",0.274435370518762,"ZBP1"
"1438","NAIP",0.424744229638813,"ZBP1"
"1439","NLRC4",0.585532178849055,"ZBP1"
"1440","NLRP1",0.367769827647313,"ZBP1"
"1441","NLRP9",0.0372234812849334,"ZBP1"
"1442","TP53",0.259920598745259,"ZBP1"
"1443","TP63",0.0836894478365646,"ZBP1"
"1444","ZBP1",1,"ZBP1"
