"","ONTOLOGY","ID","Description","GeneRatio","BgRatio","pvalue","p.adjust","qvalue","geneID","Count"
"GO:0006721","BP","GO:0006721","terpenoid metabolic process","14/124","124/18862",7.87176695666279e-14,1.87426771238141e-10,1.51303646977539e-10,"ADH1A/ADH1B/ADH1C/ADH4/APOA1/APOC3/CYP2C8/CYP2C9/CYP2E1/CYP3A4/GPC3/RBP4/RDH16/TTR",14
"GO:0006720","BP","GO:0006720","isoprenoid metabolic process","14/124","143/18862",5.79598574161206e-13,6.90012102538916e-10,5.57024734957033e-10,"ADH1A/ADH1B/ADH1C/ADH4/APOA1/APOC3/CYP2C8/CYP2C9/CYP2E1/CYP3A4/GPC3/RBP4/RDH16/TTR",14
"GO:0006631","BP","GO:0006631","fatty acid metabolic process","20/124","392/18862",1.16322685029375e-12,9.23214376849809e-10,7.45281483732068e-10,"ACSM2A/ADH4/APOA1/APOA5/APOC3/CYP2A6/CYP2A7/CYP2B6/CYP2C8/CYP2C9/CYP2E1/CYP3A4/CYP4A11/FABP1/HAO2/MFSD2A/PCK1/PON1/SLC27A5/SOX9",20
"GO:0008202","BP","GO:0008202","steroid metabolic process","18/124","329/18862",5.41324668894033e-12,1.8470128924593e-09,1.49103452403045e-09,"APOA1/APOA5/APOF/CYP2A6/CYP2B6/CYP2C8/CYP2C9/CYP2E1/CYP3A4/CYP8B1/G6PD/HSD11B1/LCAT/PON1/RDH16/SLC27A5/SPP1/UGT2B7",18
"GO:0006638","BP","GO:0006638","neutral lipid metabolic process","13/124","136/18862",5.52269517552820e-12,1.8470128924593e-09,1.49103452403045e-09,"ANG/APOA1/APOA5/APOC3/CPS1/CYP2E1/FABP1/FABP4/MFSD2A/MOGAT2/PCK1/SLC27A5/THRSP",13
"GO:0006639","BP","GO:0006639","acylglycerol metabolic process","13/124","136/18862",5.52269517552820e-12,1.8470128924593e-09,1.49103452403045e-09,"ANG/APOA1/APOA5/APOC3/CPS1/CYP2E1/FABP1/FABP4/MFSD2A/MOGAT2/PCK1/SLC27A5/THRSP",13
"GO:0001523","BP","GO:0001523","retinoid metabolic process","12/124","108/18862",6.20583920187921e-12,1.8470128924593e-09,1.49103452403045e-09,"ADH1A/ADH1B/ADH1C/ADH4/APOA1/APOC3/CYP2C8/CYP3A4/GPC3/RBP4/RDH16/TTR",12
"GO:0006641","BP","GO:0006641","triglyceride metabolic process","12/124","108/18862",6.20583920187921e-12,1.8470128924593e-09,1.49103452403045e-09,"APOA1/APOA5/APOC3/CPS1/CYP2E1/FABP1/FABP4/MFSD2A/MOGAT2/PCK1/SLC27A5/THRSP",12
"GO:0016101","BP","GO:0016101","diterpenoid metabolic process","12/124","114/18862",1.18915151018439e-11,3.1459663841656e-09,2.53963819601954e-09,"ADH1A/ADH1B/ADH1C/ADH4/APOA1/APOC3/CYP2C8/CYP3A4/GPC3/RBP4/RDH16/TTR",12
"GO:0042572","BP","GO:0042572","retinol metabolic process","9/124","47/18862",1.88718222629193e-11,4.49338088080108e-09,3.62736288969375e-09,"ADH1A/ADH1B/ADH1C/ADH4/CYP2C8/CYP3A4/RBP4/RDH16/TTR",9
"GO:0019373","BP","GO:0019373","epoxygenase P450 pathway","7/124","20/18862",3.22949539791349e-11,6.99038958402912e-09,5.64311827424884e-09,"CYP2A6/CYP2A7/CYP2B6/CYP2C8/CYP2C9/CYP2E1/CYP4A11",7
"GO:0006066","BP","GO:0006066","alcohol metabolic process","18/124","373/18862",4.32582541859528e-11,8.58315860139613e-09,6.92890983715349e-09,"ADH1A/ADH1B/ADH1C/ADH4/APOA1/APOA5/APOF/CYP2C8/CYP2C9/CYP3A4/G6PD/LCAT/MOGAT2/PCK1/PON1/RBP4/RDH16/TTR",18
"GO:0034754","BP","GO:0034754","cellular hormone metabolic process","12/124","136/18862",9.67358074008272e-11,1.70886267128717e-08,1.37951026228271e-08,"ADH1A/ADH1B/ADH1C/ADH4/CYP2C8/CYP2C9/CYP3A4/RBP4/RDH16/SPP1/TTR/UGT2B7",12
"GO:0042738","BP","GO:0042738","exogenous drug catabolic process","7/124","23/18862",1.00479115489376e-10,1.70886267128717e-08,1.37951026228271e-08,"CYP2A6/CYP2A7/CYP2B6/CYP2C8/CYP2C9/CYP2E1/CYP3A4",7
"GO:0042737","BP","GO:0042737","drug catabolic process","7/124","25/18862",1.94885642905977e-10,3.09348477172753e-08,2.49727146628992e-08,"CYP2A6/CYP2A7/CYP2B6/CYP2C8/CYP2C9/CYP2E1/CYP3A4",7
"GO:0046486","BP","GO:0046486","glycerolipid metabolic process","18/124","433/18862",4.85800327545479e-10,6.83895791268323e-08,5.52087232191674e-08,"ANG/APOA1/APOA5/APOC3/CPS1/CYP2E1/ETNPPL/FABP1/FABP4/GAL3ST1/LCAT/MFSD2A/MOGAT2/PCK1/PLA2G2A/PON1/SLC27A5/THRSP",18
"GO:0017144","BP","GO:0017144","drug metabolic process","8/124","45/18862",4.88291829129e-10,6.83895791268323e-08,5.52087232191674e-08,"ADH1A/CYP2A6/CYP2A7/CYP2B6/CYP2C8/CYP2C9/CYP2E1/CYP3A4",8
"GO:0016053","BP","GO:0016053","organic acid biosynthetic process","16/124","335/18862",6.58209951877802e-10,8.70665497456137e-08,7.02860451537349e-08,"ACSM2A/AGXT/APOA1/APOA5/APOC3/BHMT/CPS1/CYP2C8/CYP2C9/CYP2E1/CYP3A4/CYP4A11/CYP8B1/PKM/SDS/SLC27A5",16
"GO:0006869","BP","GO:0006869","lipid transport","18/124","461/18862",1.31808315011976e-09,1.65176630549218e-07,1.33341818953943e-07,"APOA1/APOA5/APOC3/APOF/CFHR4/CYP4A11/CYP8B1/FABP1/FABP4/LCAT/MFSD2A/PLA2G2A/PON1/RBP4/SLC10A1/SLC27A5/SPP1/THRSP",18
"GO:0072330","BP","GO:0072330","monocarboxylic acid biosynthetic process","13/124","224/18862",2.83199148828041e-09,3.37148586679783e-07,2.72169287242107e-07,"ACSM2A/AGXT/APOA1/APOA5/APOC3/CYP2C8/CYP2C9/CYP2E1/CYP3A4/CYP8B1/PKM/SDS/SLC27A5",13
"GO:0046394","BP","GO:0046394","carboxylic acid biosynthetic process","15/124","327/18862",4.04874250399367e-09,4.59050281048045e-07,3.7057663219511e-07,"ACSM2A/AGXT/APOA1/APOA5/APOC3/BHMT/CYP2C8/CYP2C9/CYP2E1/CYP3A4/CYP4A11/CYP8B1/PKM/SDS/SLC27A5",15
"GO:1901605","BP","GO:1901605","alpha-amino acid metabolic process","12/124","191/18862",4.87145803197066e-09,5.27224617005552e-07,4.25611596477437e-07,"AGXT/BHMT/CPS1/FTCD/GLYAT/GLYATL1/GNMT/HPD/SDS/TAT/TTC36/UROC1",12
"GO:0050892","BP","GO:0050892","intestinal absorption","7/124","39/18862",5.7785530881412e-09,5.98205865341922e-07,4.82912491484935e-07,"APOA1/APOA5/CYP8B1/FABP1/HAMP/MOGAT2/VIL1",7
"GO:0001676","BP","GO:0001676","long-chain fatty acid metabolic process","10/124","120/18862",6.59076091956885e-09,6.53858406228893e-07,5.27839010488277e-07,"ACSM2A/CYP2A6/CYP2A7/CYP2B6/CYP2C8/CYP2C9/CYP2E1/CYP3A4/CYP4A11/SLC27A5",10
"GO:0046395","BP","GO:0046395","carboxylic acid catabolic process","13/124","243/18862",7.56102406429837e-09,7.20111931883777e-07,5.81323365954056e-07,"AGXT/CYP4A11/DCXR/FABP1/FTCD/HAO2/HPD/MFSD2A/PCK1/PON1/SDS/TAT/UROC1",13
"GO:0034308","BP","GO:0034308","primary alcohol metabolic process","9/124","94/18862",1.13746374037369e-08,1.04165429454991e-06,8.40894246932129e-07,"ADH1A/ADH1B/ADH1C/ADH4/CYP2C8/CYP3A4/RBP4/RDH16/TTR",9
"GO:0042493","BP","GO:0042493","response to drug","15/124","359/18862",1.41941809594353e-08,1.25171647645983e-06,1.0104707380869e-06,"APOA1/CA9/CCNB1/CPS1/CYP2A6/CYP2A7/CYP2B6/CYP2C8/CYP2C9/CYP2E1/CYP3A4/FBP1/NNMT/SLC10A1/SLC22A1",15
"GO:0016054","BP","GO:0016054","organic acid catabolic process","13/124","258/18862",1.54618796549022e-08,1.31481198065436e-06,1.06140572367863e-06,"AGXT/CYP4A11/DCXR/FABP1/FTCD/HAO2/HPD/MFSD2A/PCK1/PON1/SDS/TAT/UROC1",13
"GO:0022600","BP","GO:0022600","digestive system process","9/124","99/18862",1.80089796671177e-08,1.47859933060025e-06,1.19362602076795e-06,"APOA1/APOA5/CYP8B1/FABP1/HAMP/MOGAT2/RBP4/SOX9/VIL1",9
"GO:0042445","BP","GO:0042445","hormone metabolic process","12/124","218/18862",2.14484042974492e-08,1.70228835440755e-06,1.37420302621552e-06,"ADH1A/ADH1B/ADH1C/ADH4/CYP2C8/CYP2C9/CYP3A4/RBP4/RDH16/SPP1/TTR/UGT2B7",12
"GO:0044282","BP","GO:0044282","small molecule catabolic process","16/124","431/18862",2.38249383186683e-08,1.8299089721532e-06,1.47722707537821e-06,"ADH4/AGXT/ALDOB/CYP4A11/DCXR/FABP1/FTCD/HAO2/HPD/MFSD2A/PCK1/PKM/PON1/SDS/TAT/UROC1",16
"GO:0016042","BP","GO:0016042","lipid catabolic process","14/124","340/18862",5.3341227979104e-08,3.9689207443202e-06,3.20398297006065e-06,"APOA1/APOA5/APOC3/CPS1/CYP3A4/CYP4A11/FABP1/FABP4/HAO2/HSD11B1/MFSD2A/PCK1/PLA2G2A/SPP1",14
"GO:0009636","BP","GO:0009636","response to toxic substance","12/124","239/18862",5.92032657834079e-08,4.27160532819073e-06,3.44833056843709e-06,"ADH4/CCNB1/CPS1/FABP1/GLYAT/H19/HP/MT1E/MT1G/MT1X/MT2A/PON1",12
"GO:0019369","BP","GO:0019369","arachidonic acid metabolic process","7/124","59/18862",1.14967087168162e-07,8.05107748668803e-06,6.49937774517223e-06,"CYP2A6/CYP2A7/CYP2B6/CYP2C8/CYP2C9/CYP2E1/CYP4A11",7
"GO:0019433","BP","GO:0019433","triglyceride catabolic process","6/124","38/18862",1.66099279528587e-07,1.12994967016447e-05,9.12172283967517e-06,"APOA1/APOA5/APOC3/CPS1/FABP1/FABP4",6
"GO:0007586","BP","GO:0007586","digestion","9/124","138/18862",3.21742063754118e-07,2.12796626055154e-05,1.71783920589187e-05,"APOA1/APOA5/CYP8B1/FABP1/HAMP/MOGAT2/RBP4/SOX9/VIL1",9
"GO:1904478","BP","GO:1904478","regulation of intestinal absorption","4/124","11/18862",5.66585616866272e-07,3.64605501015836e-05,2.94334377353574e-05,"APOA1/APOA5/CYP8B1/HAMP",4
"GO:0046461","BP","GO:0046461","neutral lipid catabolic process","6/124","48/18862",6.99761457034757e-07,4.2721334082045e-05,3.44875687056806e-05,"APOA1/APOA5/APOC3/CPS1/FABP1/FABP4",6
"GO:0046464","BP","GO:0046464","acylglycerol catabolic process","6/124","48/18862",6.99761457034757e-07,4.2721334082045e-05,3.44875687056806e-05,"APOA1/APOA5/APOC3/CPS1/FABP1/FABP4",6
"GO:0019318","BP","GO:0019318","hexose metabolic process","11/124","250/18862",8.05334527477391e-07,4.79350354100938e-05,3.86964232891228e-05,"ALDOB/DCXR/FBP1/G6PD/GCGR/GNMT/HKDC1/PCK1/PKM/RBP4/SDS",11
"GO:0006069","BP","GO:0006069","ethanol oxidation","4/124","12/18862",8.45557113491784e-07,4.79350354100938e-05,3.86964232891228e-05,"ADH1A/ADH1B/ADH1C/ADH4",4
"GO:0034372","BP","GO:0034372","very-low-density lipoprotein particle remodeling","4/124","12/18862",8.45557113491784e-07,4.79350354100938e-05,3.86964232891228e-05,"APOA1/APOA5/APOC3/LCAT",4
"GO:0010466","BP","GO:0010466","negative regulation of peptidase activity","11/124","257/18862",1.05633732732094e-06,5.84916087523527e-05,4.72184078259006e-05,"C3P1/FABP1/FETUB/GPC3/HRG/SERPINA11/SERPINC1/SFN/SPINT1/SPP2/VIL1",11
"GO:0071827","BP","GO:0071827","plasma lipoprotein particle organization","6/124","52/18862",1.13627380336243e-06,6.14879074046805e-05,4.96372240416219e-05,"APOA1/APOA5/APOC3/LCAT/MFSD2A/PLA2G2A",6
"GO:0006805","BP","GO:0006805","xenobiotic metabolic process","8/124","120/18862",1.26251124058174e-06,6.61798135100776e-05,5.34248500052617e-05,"CYP2A6/CYP2A7/CYP2B6/CYP2C8/CYP2C9/CYP2E1/CYP3A4/GLYAT",8
"GO:0006006","BP","GO:0006006","glucose metabolic process","10/124","210/18862",1.27856842564619e-06,6.61798135100776e-05,5.34248500052617e-05,"ALDOB/DCXR/FBP1/G6PD/GCGR/GNMT/PCK1/PKM/RBP4/SDS",10
"GO:0016125","BP","GO:0016125","sterol metabolic process","9/124","165/18862",1.44803016029787e-06,7.33565917376429e-05,5.92184338791468e-05,"APOA1/APOA5/APOF/CYP2C9/CYP3A4/CYP8B1/G6PD/LCAT/PON1",9
"GO:0006690","BP","GO:0006690","icosanoid metabolic process","8/124","123/18862",1.52222909828537e-06,7.55089058961971e-05,6.09559283655501e-05,"CYP2A6/CYP2A7/CYP2B6/CYP2C8/CYP2C9/CYP2E1/CYP4A11/PON1",8
"GO:0019835","BP","GO:0019835","cytolysis","5/124","31/18862",1.67767620214594e-06,7.67860670432774e-05,6.19869397736575e-05,"C6/C8A/C9/HRG/PLA2G2A",5
"GO:0034377","BP","GO:0034377","plasma lipoprotein particle assembly","5/124","31/18862",1.67767620214594e-06,7.67860670432774e-05,6.19869397736575e-05,"APOA1/APOA5/APOC3/LCAT/MFSD2A",5
"GO:0034370","BP","GO:0034370","triglyceride-rich lipoprotein particle remodeling","4/124","14/18862",1.69256459735091e-06,7.67860670432774e-05,6.19869397736575e-05,"APOA1/APOA5/APOC3/LCAT",4
"GO:0030258","BP","GO:0030258","lipid modification","11/124","270/18862",1.70995392450225e-06,7.67860670432774e-05,6.19869397736575e-05,"ADH4/APOA1/APOA5/CYP2C8/CYP2E1/CYP3A4/FABP1/HAO2/LCAT/MFSD2A/SOX9",11
"GO:0071466","BP","GO:0071466","cellular response to xenobiotic stimulus","8/124","125/18862",1.71956508062041e-06,7.67860670432774e-05,6.19869397736575e-05,"CYP2A6/CYP2A7/CYP2B6/CYP2C8/CYP2C9/CYP2E1/CYP3A4/GLYAT",8
"GO:0015850","BP","GO:0015850","organic hydroxy compound transport","11/124","271/18862",1.77249071509007e-06,7.67860670432774e-05,6.19869397736575e-05,"APOA1/APOA5/APOC3/CYP8B1/LCAT/PON1/RBP4/SLC10A1/SLC22A1/SLC27A5/SPP1",11
"GO:0071825","BP","GO:0071825","protein-lipid complex subunit organization","6/124","56/18862",1.77372267424622e-06,7.67860670432774e-05,6.19869397736575e-05,"APOA1/APOA5/APOC3/LCAT/MFSD2A/PLA2G2A",6
"GO:0005996","BP","GO:0005996","monosaccharide metabolic process","11/124","272/18862",1.83702887588731e-06,7.68386947340411e-05,6.20294244277544e-05,"ALDOB/DCXR/FBP1/G6PD/GCGR/GNMT/HKDC1/PCK1/PKM/RBP4/SDS",11
"GO:0051346","BP","GO:0051346","negative regulation of hydrolase activity","14/124","456/18862",1.8394815623017e-06,7.68386947340411e-05,6.20294244277544e-05,"APOA1/APOC3/C3P1/FABP1/FETUB/GPC3/HRG/MCM2/SERPINA11/SERPINC1/SFN/SPINT1/SPP2/VIL1",14
"GO:0006520","BP","GO:0006520","cellular amino acid metabolic process","12/124","331/18862",1.92003028697583e-06,7.88205536774042e-05,6.36293158623931e-05,"AGXT/BHMT/CPS1/FTCD/GLYAT/GLYATL1/GNMT/HPD/SDS/TAT/TTC36/UROC1",12
"GO:0010043","BP","GO:0010043","response to zinc ion","6/124","57/18862",1.97179931917794e-06,7.95737996434352e-05,6.42373872759843e-05,"CPS1/HAMP/MT1E/MT1G/MT1X/MT2A",6
"GO:0010273","BP","GO:0010273","detoxification of copper ion","4/124","15/18862",2.29631314272536e-06,8.62706333085715e-05,6.96435272315708e-05,"MT1E/MT1G/MT1X/MT2A",4
"GO:1990169","BP","GO:1990169","stress response to copper ion","4/124","15/18862",2.29631314272536e-06,8.62706333085715e-05,6.96435272315708e-05,"MT1E/MT1G/MT1X/MT2A",4
"GO:0034368","BP","GO:0034368","protein-lipid complex remodeling","5/124","33/18862",2.3189082451695e-06,8.62706333085715e-05,6.96435272315708e-05,"APOA1/APOA5/APOC3/LCAT/PLA2G2A",5
"GO:0034369","BP","GO:0034369","plasma lipoprotein particle remodeling","5/124","33/18862",2.3189082451695e-06,8.62706333085715e-05,6.96435272315708e-05,"APOA1/APOA5/APOC3/LCAT/PLA2G2A",5
"GO:0042573","BP","GO:0042573","retinoic acid metabolic process","5/124","33/18862",2.3189082451695e-06,8.62706333085715e-05,6.96435272315708e-05,"ADH1A/ADH1B/ADH1C/CYP2C8/CYP3A4",5
"GO:0009410","BP","GO:0009410","response to xenobiotic stimulus","8/124","131/18862",2.44737586349214e-06,8.96492604765352e-05,7.23709850483668e-05,"CYP2A6/CYP2A7/CYP2B6/CYP2C8/CYP2C9/CYP2E1/CYP3A4/GLYAT",8
"GO:0045861","BP","GO:0045861","negative regulation of proteolysis","12/124","346/18862",3.03504148610992e-06,0.000109491420885269,8.83889274902187e-05,"C3P1/FABP1/FETUB/GPC3/HRG/SERPINA11/SERPINC1/SFN/SPINT1/SPP2/TTC36/VIL1",12
"GO:0034367","BP","GO:0034367","protein-containing complex remodeling","5/124","35/18862",3.1386695192751e-06,0.000109899590079324,8.87184294457637e-05,"APOA1/APOA5/APOC3/LCAT/PLA2G2A",5
"GO:0065005","BP","GO:0065005","protein-lipid complex assembly","5/124","35/18862",3.1386695192751e-06,0.000109899590079324,8.87184294457637e-05,"APOA1/APOA5/APOC3/LCAT/MFSD2A",5
"GO:0046364","BP","GO:0046364","monosaccharide biosynthetic process","7/124","97/18862",3.52232404239451e-06,0.000121545703549874,9.81199649338273e-05,"ALDOB/FBP1/G6PD/GNMT/PCK1/RBP4/SDS",7
"GO:0098754","BP","GO:0098754","detoxification","8/124","138/18862",3.61274550364898e-06,0.000122884957774118,9.92011021001962e-05,"ADH4/FABP1/H19/HP/MT1E/MT1G/MT1X/MT2A",8
"GO:0061687","BP","GO:0061687","detoxification of inorganic compound","4/124","17/18862",3.96324694173129e-06,0.000132908323496651,0.000107292645153467,"MT1E/MT1G/MT1X/MT2A",4
"GO:0097501","BP","GO:0097501","stress response to metal ion","4/124","18/18862",5.06972071229227e-06,0.000163550915091055,0.000132029430781523,"MT1E/MT1G/MT1X/MT2A",4
"GO:0010951","BP","GO:0010951","negative regulation of endopeptidase activity","10/124","245/18862",5.08306077981439e-06,0.000163550915091055,0.000132029430781523,"C3P1/FABP1/FETUB/HRG/SERPINA11/SERPINC1/SFN/SPINT1/SPP2/VIL1",10
"GO:0045926","BP","GO:0045926","negative regulation of growth","10/124","245/18862",5.08306077981439e-06,0.000163550915091055,0.000132029430781523,"FBP1/G6PD/GPC3/HRG/MT1E/MT1G/MT1X/MT2A/RBP4/SPP1",10
"GO:0090207","BP","GO:0090207","regulation of triglyceride metabolic process","5/124","39/18862",5.4508620528109e-06,0.00017304670063657,0.000139695075206073,"APOA1/APOA5/APOC3/MFSD2A/THRSP",5
"GO:0008203","BP","GO:0008203","cholesterol metabolic process","8/124","149/18862",6.38162689014898e-06,0.000199929652966378,0.00016139682411928,"APOA1/APOA5/APOF/CYP2C9/CYP3A4/G6PD/LCAT/PON1",8
"GO:0002526","BP","GO:0002526","acute inflammatory response","7/124","107/18862",6.77249102115712e-06,0.000209419495082794,0.000169057670603321,"HAMP/HP/HPR/SAA1/SAA2/SAA4/SERPINC1",7
"GO:0015909","BP","GO:0015909","long-chain fatty acid transport","6/124","72/18862",7.83413912867797e-06,0.000239142118786952,0.000193051795532604,"FABP1/FABP4/MFSD2A/PLA2G2A/SLC27A5/THRSP",6
"GO:0031667","BP","GO:0031667","response to nutrient levels","13/124","451/18862",8.66707017802834e-06,0.000261218912580829,0.000210873686143634,"APOA1/CPS1/CYP8B1/G6PD/GCGR/HAMP/MFSD2A/PCK1/PKM/PON1/SERPINC1/SLC10A1/SPP1",13
"GO:0046503","BP","GO:0046503","glycerolipid catabolic process","6/124","74/18862",9.18993629627148e-06,0.00027351547901778,0.000220800311539365,"APOA1/APOA5/APOC3/CPS1/FABP1/FABP4",6
"GO:1902652","BP","GO:1902652","secondary alcohol metabolic process","8/124","158/18862",9.82092405708686e-06,0.000288686668887948,0.000233047528632107,"APOA1/APOA5/APOF/CYP2C9/CYP3A4/G6PD/LCAT/PON1",8
"GO:0033559","BP","GO:0033559","unsaturated fatty acid metabolic process","7/124","115/18862",1.08965986489329e-05,0.000316400016867186,0.000255419629434551,"CYP2A6/CYP2A7/CYP2B6/CYP2C8/CYP2C9/CYP2E1/CYP4A11",7
"GO:0006067","BP","GO:0006067","ethanol metabolic process","4/124","22/18862",1.18750244438955e-05,0.000340655821697773,0.000275000566069159,"ADH1A/ADH1B/ADH1C/ADH4",4
"GO:0006953","BP","GO:0006953","acute-phase response","5/124","46/18862",1.25089509301795e-05,0.000354569192437589,0.000286232385946214,"HAMP/HP/SAA1/SAA2/SAA4",5
"GO:0120254","BP","GO:0120254","olefinic compound metabolic process","7/124","119/18862",1.36330365088896e-05,0.000381885410913718,0.000308283896783063,"CYP2A6/CYP2A7/CYP2B6/CYP2C8/CYP2C9/CYP2E1/CYP4A11",7
"GO:0006633","BP","GO:0006633","fatty acid biosynthetic process","8/124","168/18862",1.53596074999005e-05,0.000425246807642594,0.000343288167623235,"ACSM2A/APOA1/APOA5/APOC3/CYP2C8/CYP2C9/CYP2E1/CYP3A4",8
"GO:0009991","BP","GO:0009991","response to extracellular stimulus","13/124","477/18862",1.57084205050813e-05,0.000429905163478144,0.000347048709525449,"APOA1/CPS1/CYP8B1/G6PD/GCGR/HAMP/MFSD2A/PCK1/PKM/PON1/SERPINC1/SLC10A1/SPP1",13
"GO:0071294","BP","GO:0071294","cellular response to zinc ion","4/124","24/18862",1.7075408216659e-05,0.000462006215498467,0.000372962863679657,"MT1E/MT1G/MT1X/MT2A",4
"GO:0046460","BP","GO:0046460","neutral lipid biosynthetic process","5/124","50/18862",1.89332960708332e-05,0.00050089086605171,0.000404353200296392,"ANG/MFSD2A/MOGAT2/PCK1/THRSP",5
"GO:0046463","BP","GO:0046463","acylglycerol biosynthetic process","5/124","50/18862",1.89332960708332e-05,0.00050089086605171,0.000404353200296392,"ANG/MFSD2A/MOGAT2/PCK1/THRSP",5
"GO:0010038","BP","GO:0010038","response to metal ion","11/124","352/18862",2.11130685099374e-05,0.000552419957386384,0.000445950990157845,"CCNB1/CPS1/FABP4/FBP1/G6PD/HAMP/MT1E/MT1G/MT1X/MT2A/TAT",11
"GO:0044242","BP","GO:0044242","cellular lipid catabolic process","9/124","230/18862",2.14563763302576e-05,0.000555300348286341,0.000448276237746572,"APOA1/APOA5/APOC3/CPS1/FABP1/FABP4/HAO2/MFSD2A/PCK1",9
"GO:0006094","BP","GO:0006094","gluconeogenesis","6/124","88/18862",2.49441703667607e-05,0.000638624404766208,0.000515541087602774,"ALDOB/FBP1/GNMT/PCK1/RBP4/SDS",6
"GO:0072329","BP","GO:0072329","monocarboxylic acid catabolic process","7/124","131/18862",2.5451654029865e-05,0.000644684981330942,0.000520433597519971,"AGXT/CYP4A11/DCXR/FABP1/HAO2/MFSD2A/PCK1",7
"GO:0046470","BP","GO:0046470","phosphatidylcholine metabolic process","6/124","90/18862",2.83530830247734e-05,0.000710617796652479,0.000573659053775471,"APOA1/APOA5/LCAT/MFSD2A/PLA2G2A/PON1",6
"GO:0019319","BP","GO:0019319","hexose biosynthetic process","6/124","91/18862",3.01926389294168e-05,0.00074884034678064,0.000604514897863105,"ALDOB/FBP1/GNMT/PCK1/RBP4/SDS",6
"GO:0071280","BP","GO:0071280","cellular response to copper ion","4/124","28/18862",3.22397787155063e-05,0.000791370238367223,0.000638847921155883,"MT1E/MT1G/MT1X/MT2A",4
"GO:0042632","BP","GO:0042632","cholesterol homeostasis","6/124","94/18862",3.62940451540758e-05,0.000881797158284228,0.000711846685836115,"APOA1/APOA5/APOC3/CD24/FABP4/LCAT",6
"GO:0055092","BP","GO:0055092","sterol homeostasis","6/124","95/18862",3.85343487383421e-05,0.000926770548949421,0.000748152267902315,"APOA1/APOA5/APOC3/CD24/FABP4/LCAT",6
"GO:0019217","BP","GO:0019217","regulation of fatty acid metabolic process","6/124","98/18862",4.59286406248442e-05,0.00107851707398055,0.000870652391559706,"APOA1/APOA5/APOC3/FABP1/MFSD2A/SOX9",6
"GO:0050994","BP","GO:0050994","regulation of lipid catabolic process","5/124","60/18862",4.63109315629402e-05,0.00107851707398055,0.000870652391559706,"APOA1/APOA5/APOC3/FABP1/MFSD2A",5
"GO:0052547","BP","GO:0052547","regulation of peptidase activity","12/124","455/18862",4.65836869844305e-05,0.00107851707398055,0.000870652391559706,"C3P1/CLDN4/FABP1/FETUB/GPC3/HRG/SERPINA11/SERPINC1/SFN/SPINT1/SPP2/VIL1",12
"GO:0042180","BP","GO:0042180","cellular ketone metabolic process","9/124","254/18862",4.66557155060883e-05,0.00107851707398055,0.000870652391559706,"ADH4/APOA1/APOA5/APOC3/BHMT/CYP2B6/FABP1/MFSD2A/SOX9",9
"GO:0097006","BP","GO:0097006","regulation of plasma lipoprotein particle levels","6/124","101/18862",5.44183879222654e-05,0.00124586713118186,0.00100574874844187,"APOA1/APOA5/APOC3/LCAT/MFSD2A/PLA2G2A",6
"GO:0006570","BP","GO:0006570","tyrosine metabolic process","3/124","12/18862",5.84228147641348e-05,0.00132480687574671,0.00106947428330136,"HPD/TAT/TTC36",3
"GO:0006090","BP","GO:0006090","pyruvate metabolic process","7/124","150/18862",6.05216338478478e-05,0.00134674775880117,0.00108718645751274,"AGXT/ALDOB/FBP1/HKDC1/PCK1/PKM/SDS",7
"GO:0015908","BP","GO:0015908","fatty acid transport","7/124","150/18862",6.05216338478478e-05,0.00134674775880117,0.00108718645751274,"CYP4A11/FABP1/FABP4/MFSD2A/PLA2G2A/SLC27A5/THRSP",7
"GO:0042759","BP","GO:0042759","long-chain fatty acid biosynthetic process","4/124","33/18862",6.28161218058477e-05,0.00138486283351596,0.00111795554013136,"CYP2C8/CYP2C9/CYP2E1/CYP3A4",4
"GO:0045017","BP","GO:0045017","glycerolipid biosynthetic process","9/124","266/18862",6.6618658308441e-05,0.00145522041681099,0.00117475297026763,"ANG/APOA1/ETNPPL/LCAT/MFSD2A/MOGAT2/PCK1/PLA2G2A/THRSP",9
"GO:0009063","BP","GO:0009063","cellular amino acid catabolic process","6/124","106/18862",7.13199332345974e-05,0.00154375237301433,0.00124622199125718,"AGXT/FTCD/HPD/SDS/TAT/UROC1",6
"GO:0016051","BP","GO:0016051","carbohydrate biosynthetic process","8/124","209/18862",7.28647408619086e-05,0.00156298151344328,0.00126174506224604,"ALDOB/FBP1/G6PD/GNMT/GYS2/PCK1/RBP4/SDS",8
"GO:0033700","BP","GO:0033700","phospholipid efflux","3/124","13/18862",7.55851138390245e-05,0.00160685853616712,0.00129716558148551,"APOA1/APOA5/APOC3",3
"GO:0032368","BP","GO:0032368","regulation of lipid transport","7/124","156/18862",7.75285506843759e-05,0.001633588311323,0.0013187436753579,"APOA1/APOA5/APOC3/CYP4A11/CYP8B1/PON1/SPP1",7
"GO:0030301","BP","GO:0030301","cholesterol transport","6/124","109/18862",8.33164192421246e-05,0.00174014380890788,0.00140476252572594,"APOA1/APOA5/APOC3/CYP8B1/LCAT/PON1",6
"GO:0010896","BP","GO:0010896","regulation of triglyceride catabolic process","3/124","14/18862",9.57376272685718e-05,0.00198194024632748,0.00159995706792546,"APOA1/APOA5/APOC3",3
"GO:0032371","BP","GO:0032371","regulation of sterol transport","5/124","70/18862",9.73905958926148e-05,0.00198194024632748,0.00159995706792546,"APOA1/APOA5/APOC3/CYP8B1/PON1",5
"GO:0032374","BP","GO:0032374","regulation of cholesterol transport","5/124","70/18862",9.73905958926148e-05,0.00198194024632748,0.00159995706792546,"APOA1/APOA5/APOC3/CYP8B1/PON1",5
"GO:0055088","BP","GO:0055088","lipid homeostasis","7/124","162/18862",9.82508249481811e-05,0.00198250181526796,0.00160041040459749,"ACSM2A/APOA1/APOA5/APOC3/CD24/FABP4/LCAT",7
"GO:0000096","BP","GO:0000096","sulfur amino acid metabolic process","4/124","37/18862",9.934737476691e-05,0.001987782347227,0.00160467320941511,"AGXT/BHMT/CPS1/GNMT",4
"GO:0006882","BP","GO:0006882","cellular zinc ion homeostasis","4/124","38/18862",0.000110473293510805,0.00215604026105924,0.00174050244996316,"MT1E/MT1G/MT1X/MT2A",4
"GO:0008210","BP","GO:0008210","estrogen metabolic process","4/124","38/18862",0.000110473293510805,0.00215604026105924,0.00174050244996316,"CYP2C8/CYP2C9/CYP3A4/UGT2B7",4
"GO:0071276","BP","GO:0071276","cellular response to cadmium ion","4/124","38/18862",0.000110473293510805,0.00215604026105924,0.00174050244996316,"MT1E/MT1G/MT1X/MT2A",4
"GO:0044058","BP","GO:0044058","regulation of digestive system process","4/124","39/18862",0.000122475857106005,0.00237085378674307,0.00191391454921322,"APOA1/APOA5/CYP8B1/HAMP",4
"GO:0046916","BP","GO:0046916","cellular transition metal ion homeostasis","6/124","118/18862",0.00012921666318082,0.00248116834704462,0.00200296797086738,"HAMP/HPX/MT1E/MT1G/MT1X/MT2A",6
"GO:0009064","BP","GO:0009064","glutamine family amino acid metabolic process","5/124","75/18862",0.000135296175191626,0.00251857230678332,0.00203316299307515,"CPS1/FTCD/GLYATL1/TAT/UROC1",5
"GO:0055069","BP","GO:0055069","zinc ion homeostasis","4/124","40/18862",0.000135395739297885,0.00251857230678332,0.00203316299307515,"MT1E/MT1G/MT1X/MT2A",4
"GO:0055090","BP","GO:0055090","acylglycerol homeostasis","4/124","40/18862",0.000135395739297885,0.00251857230678332,0.00203316299307515,"ACSM2A/APOA1/APOA5/APOC3",4
"GO:0070328","BP","GO:0070328","triglyceride homeostasis","4/124","40/18862",0.000135395739297885,0.00251857230678332,0.00203316299307515,"ACSM2A/APOA1/APOA5/APOC3",4
"GO:0034380","BP","GO:0034380","high-density lipoprotein particle assembly","3/124","16/18862",0.000145879131670514,0.00269254428300382,0.00217360501371161,"APOA1/APOA5/LCAT",3
"GO:0062012","BP","GO:0062012","regulation of small molecule metabolic process","11/124","437/18862",0.000147129873935085,0.00269474022953414,0.00217537773121835,"APOA1/APOA5/APOC3/BHMT/FABP1/FBP1/GCGR/GNMT/H19/MFSD2A/SOX9",11
"GO:0015918","BP","GO:0015918","sterol transport","6/124","122/18862",0.000155163017612737,0.00282017667890021,0.00227663857099926,"APOA1/APOA5/APOC3/CYP8B1/LCAT/PON1",6
"GO:0019432","BP","GO:0019432","triglyceride biosynthetic process","4/124","42/18862",0.00016415271037399,0.00293870378496593,0.00237232171858255,"MFSD2A/MOGAT2/PCK1/THRSP",4
"GO:0046688","BP","GO:0046688","response to copper ion","4/124","42/18862",0.00016415271037399,0.00293870378496593,0.00237232171858255,"MT1E/MT1G/MT1X/MT2A",4
"GO:0030299","BP","GO:0030299","intestinal cholesterol absorption","3/124","17/18862",0.00017628967839811,0.00313243077810373,0.00252871133350313,"APOA1/APOA5/CYP8B1",3
"GO:0006959","BP","GO:0006959","humoral immune response","10/124","380/18862",0.000208229474591802,0.00360633574184091,0.00291127967665134,"ANG/C6/C8A/C9/CFHR4/HPX/HRG/IGHA1/MASP2/PLA2G2A",10
"GO:0034375","BP","GO:0034375","high-density lipoprotein particle remodeling","3/124","18/18862",0.000210533669935273,0.00360633574184091,0.00291127967665134,"APOA1/APOC3/LCAT",3
"GO:0034433","BP","GO:0034433","steroid esterification","3/124","18/18862",0.000210533669935273,0.00360633574184091,0.00291127967665134,"APOA1/APOA5/LCAT",3
"GO:0034434","BP","GO:0034434","sterol esterification","3/124","18/18862",0.000210533669935273,0.00360633574184091,0.00291127967665134,"APOA1/APOA5/LCAT",3
"GO:0034435","BP","GO:0034435","cholesterol esterification","3/124","18/18862",0.000210533669935273,0.00360633574184091,0.00291127967665134,"APOA1/APOA5/LCAT",3
"GO:0010565","BP","GO:0010565","regulation of cellular ketone metabolic process","7/124","185/18862",0.000223443249476634,0.00380013126431332,0.00306772461311529,"APOA1/APOA5/APOC3/BHMT/FABP1/MFSD2A/SOX9",7
"GO:0032370","BP","GO:0032370","positive regulation of lipid transport","5/124","85/18862",0.000244032571840051,0.00411401728515559,0.00332111477384297,"APOA1/CYP4A11/CYP8B1/PON1/SPP1",5
"GO:0006544","BP","GO:0006544","glycine metabolic process","3/124","19/18862",0.000248810789190426,0.00411401728515559,0.00332111477384297,"AGXT/GLYAT/SDS",3
"GO:0070989","BP","GO:0070989","oxidative demethylation","3/124","19/18862",0.000248810789190426,0.00411401728515559,0.00332111477384297,"CYP2C8/CYP2C9/CYP3A4",3
"GO:0098856","BP","GO:0098856","intestinal lipid absorption","3/124","19/18862",0.000248810789190426,0.00411401728515559,0.00332111477384297,"APOA1/APOA5/CYP8B1",3
"GO:0071248","BP","GO:0071248","cellular response to metal ion","7/124","189/18862",0.000254619422277791,0.00415238934550288,0.00335209131275592,"CCNB1/FABP4/FBP1/MT1E/MT1G/MT1X/MT2A",7
"GO:1905952","BP","GO:1905952","regulation of lipid localization","7/124","189/18862",0.000254619422277791,0.00415238934550288,0.00335209131275592,"APOA1/APOA5/APOC3/CYP4A11/CYP8B1/PON1/SPP1",7
"GO:0006694","BP","GO:0006694","steroid biosynthetic process","7/124","190/18862",0.000262936445582212,0.00425885494511052,0.00343803759135781,"APOA1/APOA5/CYP3A4/CYP8B1/G6PD/HSD11B1/SLC27A5",7
"GO:0031099","BP","GO:0031099","regeneration","7/124","192/18862",0.000280226855200522,0.00450824420427327,0.00363936157607506,"APOA1/APOA5/CCNB1/HAMP/NNMT/PKM/SPP1",7
"GO:0043691","BP","GO:0043691","reverse cholesterol transport","3/124","20/18862",0.000291316385923819,0.00465519674419203,0.00375799166864637,"APOA1/APOC3/LCAT",3
"GO:0015849","BP","GO:0015849","organic acid transport","9/124","324/18862",0.000293283763646695,0.00465539094161854,0.00375814843802713,"CYP4A11/FABP1/FABP4/MFSD2A/PLA2G2A/SLC10A1/SLC25A47/SLC27A5/THRSP",9
"GO:0055076","BP","GO:0055076","transition metal ion homeostasis","6/124","139/18862",0.000314846751269098,0.00496457029650147,0.00400773905763243,"HAMP/HPX/MT1E/MT1G/MT1X/MT2A",6
"GO:0019216","BP","GO:0019216","regulation of lipid metabolic process","10/124","402/18862",0.000326061499348014,0.0051075817759712,0.00412318765796035,"APOA1/APOA5/APOC3/CYP4A11/FABP1/HSD17B13/MFSD2A/PCK1/SOX9/THRSP",10
"GO:0044241","BP","GO:0044241","lipid digestion","3/124","21/18862",0.000338241534023564,0.00526374570268042,0.00424925380892348,"APOA1/APOA5/CYP8B1",3
"GO:1902850","BP","GO:1902850","microtubule cytoskeleton organization involved in mitosis","6/124","143/18862",0.00036654275834872,0.00566713186771625,0.00457489457788628,"CCNB1/CDC20/KIFC1/MYBL2/NUSAP1/TPX2",6
"GO:0046890","BP","GO:0046890","regulation of lipid biosynthetic process","7/124","203/18862",0.000392411821575538,0.00602795191723455,0.00486617308113366,"APOA1/APOA5/APOC3/HSD17B13/MFSD2A/PCK1/THRSP",7
"GO:0090208","BP","GO:0090208","positive regulation of triglyceride metabolic process","3/124","23/18862",0.000446093739878282,0.00680864868365506,0.00549640464924253,"APOA1/APOA5/MFSD2A",3
"GO:0051004","BP","GO:0051004","regulation of lipoprotein lipase activity","3/124","24/18862",0.000507382072972799,0.00769475615126264,0.00621173091014637,"APOA1/APOA5/APOC3",3
"GO:0052548","BP","GO:0052548","regulation of endopeptidase activity","10/124","426/18862",0.000513615459113011,0.00773998992498785,0.00624824669114163,"C3P1/FABP1/FETUB/HRG/SERPINA11/SERPINC1/SFN/SPINT1/SPP2/VIL1",10
"GO:0062014","BP","GO:0062014","negative regulation of small molecule metabolic process","5/124","101/18862",0.000542069851391286,0.0081174107934758,0.0065529265053988,"APOC3/FBP1/H19/MFSD2A/SOX9",5
"GO:0071241","BP","GO:0071241","cellular response to inorganic substance","7/124","216/18862",0.000568568196699066,0.00846100547712798,0.00683029952087168,"CCNB1/FABP4/FBP1/MT1E/MT1G/MT1X/MT2A",7
"GO:0031638","BP","GO:0031638","zymogen activation","4/124","58/18862",0.000573804059390701,0.00848588487831838,0.00685038386693312,"F9/HGFAC/HP/HPR",4
"GO:0002455","BP","GO:0002455","humoral immune response mediated by circulating immunoglobulin","6/124","156/18862",0.000581720527521034,0.00854985540757767,0.00690202523231585,"C6/C8A/C9/HPX/IGHA1/MASP2",6
"GO:0006706","BP","GO:0006706","steroid catabolic process","3/124","26/18862",0.000645555908601064,0.00933901732856074,0.00753909044936975,"CYP3A4/HSD11B1/SPP1",3
"GO:0071377","BP","GO:0071377","cellular response to glucagon stimulus","3/124","26/18862",0.000645555908601064,0.00933901732856074,0.00753909044936975,"CPS1/GCGR/PCK1",3
"GO:0019395","BP","GO:0019395","fatty acid oxidation","5/124","105/18862",0.000647180957250114,0.00933901732856074,0.00753909044936975,"ADH4/FABP1/HAO2/MFSD2A/SOX9",5
"GO:0046686","BP","GO:0046686","response to cadmium ion","4/124","61/18862",0.000695162639712921,0.00991127092908062,0.00800105250624515,"MT1E/MT1G/MT1X/MT2A",4
"GO:0070542","BP","GO:0070542","response to fatty acid","4/124","61/18862",0.000695162639712921,0.00991127092908062,0.00800105250624515,"CCNB1/CPS1/PON1/SOX9",4
"GO:0050996","BP","GO:0050996","positive regulation of lipid catabolic process","3/124","27/18862",0.000722778530994087,0.0102436647755769,0.00826938344357896,"APOA1/APOA5/FABP1",3
"GO:0140014","BP","GO:0140014","mitotic nuclear division","8/124","296/18862",0.000764733001785962,0.0107741377352212,0.00869761732333333,"CCNB1/CDC20/CDK1/KIFC1/MYBL2/NUSAP1/TPX2/UBE2C",8
"GO:0007584","BP","GO:0007584","response to nutrient","6/124","165/18862",0.000780601531666005,0.0109330132170398,0.00882587242614319,"APOA1/GCGR/HAMP/PKM/SERPINC1/SPP1",6
"GO:0034440","BP","GO:0034440","lipid oxidation","5/124","110/18862",0.000799213303950909,0.0111282273491644,0.00898346256087633,"ADH4/FABP1/HAO2/MFSD2A/SOX9",5
"GO:0010039","BP","GO:0010039","response to iron ion","3/124","28/18862",0.000805643181267515,0.0111525372941742,0.00900308720314861,"CCNB1/G6PD/HAMP",3
"GO:1905954","BP","GO:1905954","positive regulation of lipid localization","5/124","111/18862",0.000832564424040998,0.0114076584704809,0.00920903838152842,"APOA1/CYP4A11/CYP8B1/PON1/SPP1",5
"GO:0033344","BP","GO:0033344","cholesterol efflux","4/124","64/18862",0.000833655007922589,0.0114076584704809,0.00920903838152842,"APOA1/APOA5/APOC3/PON1",4
"GO:0090307","BP","GO:0090307","mitotic spindle assembly","4/124","65/18862",0.00088384688922277,0.0120253682470824,0.00970769575771897,"CDC20/KIFC1/MYBL2/TPX2",4
"GO:0008209","BP","GO:0008209","androgen metabolic process","3/124","30/18862",0.000988930203675446,0.0133249384971677,0.0107567973190514,"CYP3A4/SPP1/UGT2B7",3
"GO:1901607","BP","GO:1901607","alpha-amino acid biosynthetic process","4/124","67/18862",0.000990556116757113,0.0133249384971677,0.0107567973190514,"AGXT/BHMT/CPS1/SDS",4
"GO:0032373","BP","GO:0032373","positive regulation of sterol transport","3/124","31/18862",0.00108965897799708,0.0144942906514583,0.0117007779701421,"APOA1/CYP8B1/PON1",3
"GO:0032376","BP","GO:0032376","positive regulation of cholesterol transport","3/124","31/18862",0.00108965897799708,0.0144942906514583,0.0117007779701421,"APOA1/CYP8B1/PON1",3
"GO:0007052","BP","GO:0007052","mitotic spindle organization","5/124","118/18862",0.00109590045808169,0.0144963277260695,0.011702422435422,"CCNB1/CDC20/KIFC1/MYBL2/TPX2",5
"GO:0006956","BP","GO:0006956","complement activation","6/124","178/18862",0.0011561604796878,0.0152089397908102,0.0122776913981385,"C6/C8A/C9/CFHR4/IGHA1/MASP2",6
"GO:0055021","BP","GO:0055021","regulation of cardiac muscle tissue growth","4/124","70/18862",0.00116714360870037,0.015269060067668,0.0123262245777147,"CCNB1/G6PD/HAMP/RBP4",4
"GO:0009072","BP","GO:0009072","aromatic amino acid family metabolic process","3/124","32/18862",0.00119664268680132,0.0154848165069236,0.0125003978609794,"HPD/TAT/TTC36",3
"GO:0046337","BP","GO:0046337","phosphatidylethanolamine metabolic process","3/124","32/18862",0.00119664268680132,0.0154848165069236,0.0125003978609794,"ETNPPL/MFSD2A/PLA2G2A",3
"GO:0006536","BP","GO:0006536","glutamate metabolic process","3/124","33/18862",0.00131002534330086,0.0167697330236525,0.0135376699313377,"FTCD/TAT/UROC1",3
"GO:0046320","BP","GO:0046320","regulation of fatty acid oxidation","3/124","33/18862",0.00131002534330086,0.0167697330236525,0.0135376699313377,"FABP1/MFSD2A/SOX9",3
"GO:0031100","BP","GO:0031100","animal organ regeneration","4/124","73/18862",0.0013646943157329,0.0173036636205193,0.0139686950512029,"APOA1/HAMP/NNMT/PKM",4
"GO:1901617","BP","GO:1901617","organic hydroxy compound biosynthetic process","7/124","251/18862",0.00136626995407712,0.0173036636205193,0.0139686950512029,"APOA1/APOA5/CYP3A4/CYP8B1/G6PD/PCK1/SLC27A5",7
"GO:0045922","BP","GO:0045922","negative regulation of fatty acid metabolic process","3/124","34/18862",0.00142994737562778,0.0180143105892579,0.0145423776546718,"APOC3/MFSD2A/SOX9",3
"GO:0045471","BP","GO:0045471","response to ethanol","5/124","126/18862",0.00146737477661235,0.0183880062933404,0.014844050262667,"CYP2E1/G6PD/HAMP/RBP4/SLC10A1",5
"GO:0006898","BP","GO:0006898","receptor-mediated endocytosis","8/124","328/18862",0.00147505636372449,0.0183880062933404,0.014844050262667,"APOA1/APOA5/APOC3/HP/HPR/HPX/IGHA1/SAA1",8
"GO:0060420","BP","GO:0060420","regulation of heart growth","4/124","77/18862",0.00166290353084881,0.020611803166431,0.0166392504617268,"CCNB1/G6PD/HAMP/RBP4",4
"GO:0001894","BP","GO:0001894","tissue homeostasis","7/124","260/18862",0.00167075934948391,0.020611803166431,0.0166392504617268,"AZGP1/HAMP/IGHA1/MFSD2A/RBP4/SOX9/SPP1",7
"GO:1901654","BP","GO:1901654","response to ketone","6/124","193/18862",0.00174663954947991,0.0214368493160395,0.0173052838705932,"CA9/CLDN4/CPS1/DSG2/PCK1/SPP1",6
"GO:0033762","BP","GO:0033762","response to glucagon","3/124","37/18862",0.00183030126198865,0.022078074433683,0.0178229244306484,"CPS1/GCGR/PCK1",3
"GO:0006547","BP","GO:0006547","histidine metabolic process","2/124","10/18862",0.00186379376781616,0.022078074433683,0.0178229244306484,"FTCD/UROC1",2
"GO:0015886","BP","GO:0015886","heme transport","2/124","10/18862",0.00186379376781616,0.022078074433683,0.0178229244306484,"HPX/HRG",2
"GO:0030388","BP","GO:0030388","fructose 1,6-bisphosphate metabolic process","2/124","10/18862",0.00186379376781616,0.022078074433683,0.0178229244306484,"ALDOB/FBP1",2
"GO:0035376","BP","GO:0035376","sterol import","2/124","10/18862",0.00186379376781616,0.022078074433683,0.0178229244306484,"APOA1/APOC3",2
"GO:0051006","BP","GO:0051006","positive regulation of lipoprotein lipase activity","2/124","10/18862",0.00186379376781616,0.022078074433683,0.0178229244306484,"APOA1/APOA5",2
"GO:0070508","BP","GO:0070508","cholesterol import","2/124","10/18862",0.00186379376781616,0.022078074433683,0.0178229244306484,"APOA1/APOC3",2
"GO:0045923","BP","GO:0045923","positive regulation of fatty acid metabolic process","3/124","38/18862",0.00197771508785818,0.0233066596430134,0.0188147220354749,"APOA1/APOA5/FABP1",3
"GO:0006575","BP","GO:0006575","cellular modified amino acid metabolic process","6/124","198/18862",0.00198708605944213,0.0233066596430134,0.0188147220354749,"BHMT/FTCD/G6PD/GNMT/MFSD2A/PLA2G2A",6
"GO:0000819","BP","GO:0000819","sister chromatid segregation","6/124","199/18862",0.00203803947352408,0.0237871175806904,0.0192025803852166,"CCNB1/CDC20/KIFC1/NUSAP1/TOP2A/UBE2C",6
"GO:0006656","BP","GO:0006656","phosphatidylcholine biosynthetic process","3/124","39/18862",0.00213231835708753,0.0247660976010996,0.0199928796921275,"APOA1/LCAT/MFSD2A",3
"GO:0001889","BP","GO:0001889","liver development","5/124","138/18862",0.00218818426026409,0.0250792532673173,0.0202456802608906,"CPS1/HAMP/PCK1/PKM/SOX9",5
"GO:0002920","BP","GO:0002920","regulation of humoral immune response","5/124","138/18862",0.00218818426026409,0.0250792532673173,0.0202456802608906,"C6/C8A/C9/CFHR4/HPX",5
"GO:0031145","BP","GO:0031145","anaphase-promoting complex-dependent catabolic process","4/124","83/18862",0.00219087974783788,0.0250792532673173,0.0202456802608906,"CCNB1/CDC20/CDK1/UBE2C",4
"GO:0006558","BP","GO:0006558","L-phenylalanine metabolic process","2/124","11/18862",0.00226818604947498,0.025236219550467,0.0203723941285849,"HPD/TAT",2
"GO:0006559","BP","GO:0006559","L-phenylalanine catabolic process","2/124","11/18862",0.00226818604947498,0.025236219550467,0.0203723941285849,"HPD/TAT",2
"GO:0034378","BP","GO:0034378","chylomicron assembly","2/124","11/18862",0.00226818604947498,0.025236219550467,0.0203723941285849,"APOA1/APOC3",2
"GO:0061365","BP","GO:0061365","positive regulation of triglyceride lipase activity","2/124","11/18862",0.00226818604947498,0.025236219550467,0.0203723941285849,"APOA1/APOA5",2
"GO:1902221","BP","GO:1902221","erythrose 4-phosphate/phosphoenolpyruvate family amino acid metabolic process","2/124","11/18862",0.00226818604947498,0.025236219550467,0.0203723941285849,"HPD/TAT",2
"GO:1902222","BP","GO:1902222","erythrose 4-phosphate/phosphoenolpyruvate family amino acid catabolic process","2/124","11/18862",0.00226818604947498,0.025236219550467,0.0203723941285849,"HPD/TAT",2
"GO:0006730","BP","GO:0006730","one-carbon metabolic process","3/124","40/18862",0.00229423100177318,0.0254072744894044,0.0205104813181778,"CA9/FTCD/GNMT",3
"GO:0061008","BP","GO:0061008","hepaticobiliary system development","5/124","140/18862",0.00232959925774008,0.0256795177438849,0.0207302546034766,"CPS1/HAMP/PCK1/PKM/SOX9",5
"GO:0000280","BP","GO:0000280","nuclear division","9/124","436/18862",0.00236888519388506,0.0259922380029508,0.0209827036819506,"CCNB1/CDC20/CDK1/KIFC1/MYBL2/NUSAP1/TOP2A/TPX2/UBE2C",9
"GO:0046889","BP","GO:0046889","positive regulation of lipid biosynthetic process","4/124","85/18862",0.00238985978854322,0.0261020924611074,0.0210713856778364,"APOA1/APOA5/HSD17B13/MFSD2A",4
"GO:0006958","BP","GO:0006958","complement activation, classical pathway","5/124","141/18862",0.00240274903914105,0.0261230386401591,0.0210882948592721,"C6/C8A/C9/IGHA1/MASP2",5
"GO:0000727","BP","GO:0000727","double-strand break repair via break-induced replication","2/124","12/18862",0.00271013869641715,0.0288178886916547,0.0232637612462528,"MCM2/MCM3",2
"GO:0007077","BP","GO:0007077","mitotic nuclear envelope disassembly","2/124","12/18862",0.00271013869641715,0.0288178886916547,0.0232637612462528,"CCNB1/CDK1",2
"GO:0046185","BP","GO:0046185","aldehyde catabolic process","2/124","12/18862",0.00271013869641715,0.0288178886916547,0.0232637612462528,"ADH4/AGXT",2
"GO:0046322","BP","GO:0046322","negative regulation of fatty acid oxidation","2/124","12/18862",0.00271013869641715,0.0288178886916547,0.0232637612462528,"MFSD2A/SOX9",2
"GO:1901606","BP","GO:1901606","alpha-amino acid catabolic process","4/124","88/18862",0.00271113274545596,0.0288178886916547,0.0232637612462528,"AGXT/HPD/SDS/TAT",4
"GO:0009069","BP","GO:0009069","serine family amino acid metabolic process","3/124","43/18862",0.00282497600494556,0.0298945238567795,0.0241328944328917,"AGXT/GLYAT/SDS",3
"GO:0044262","BP","GO:0044262","cellular carbohydrate metabolic process","7/124","288/18862",0.00296528663061272,0.0312404755198624,0.0252194382277542,"FBP1/GCGR/GNMT/GYS2/HKDC1/MOGAT2/PCK1",7
"GO:2001251","BP","GO:2001251","negative regulation of chromosome organization","4/124","91/18862",0.00306084357644902,0.0319048841703967,0.02575579411355,"CCNB1/CDC20/MCM2/TOP2A",4
"GO:0045834","BP","GO:0045834","positive regulation of lipid metabolic process","5/124","150/18862",0.00313828938941296,0.0319048841703967,0.02575579411355,"APOA1/APOA5/FABP1/HSD17B13/MFSD2A",5
"GO:0055017","BP","GO:0055017","cardiac muscle tissue growth","4/124","92/18862",0.00318393976461339,0.0319048841703967,0.02575579411355,"CCNB1/G6PD/HAMP/RBP4",4
"GO:0009071","BP","GO:0009071","serine family amino acid catabolic process","2/124","13/18862",0.00318914843870408,0.0319048841703967,0.02575579411355,"AGXT/SDS",2
"GO:0015697","BP","GO:0015697","quaternary ammonium group transport","2/124","13/18862",0.00318914843870408,0.0319048841703967,0.02575579411355,"SLC22A1/SLC25A47",2
"GO:0019627","BP","GO:0019627","urea metabolic process","2/124","13/18862",0.00318914843870408,0.0319048841703967,0.02575579411355,"CPS1/CYP2C9",2
"GO:0034379","BP","GO:0034379","very-low-density lipoprotein particle assembly","2/124","13/18862",0.00318914843870408,0.0319048841703967,0.02575579411355,"APOC3/MFSD2A",2
"GO:0038183","BP","GO:0038183","bile acid signaling pathway","2/124","13/18862",0.00318914843870408,0.0319048841703967,0.02575579411355,"CYP8B1/SLC10A1",2
"GO:0050667","BP","GO:0050667","homocysteine metabolic process","2/124","13/18862",0.00318914843870408,0.0319048841703967,0.02575579411355,"BHMT/CPS1",2
"GO:0071635","BP","GO:0071635","negative regulation of transforming growth factor beta production","2/124","13/18862",0.00318914843870408,0.0319048841703967,0.02575579411355,"CD24/LAPTM4B",2
"GO:0071941","BP","GO:0071941","nitrogen cycle metabolic process","2/124","13/18862",0.00318914843870408,0.0319048841703967,0.02575579411355,"CPS1/CYP2C9",2
"GO:1904668","BP","GO:1904668","positive regulation of ubiquitin protein ligase activity","2/124","13/18862",0.00318914843870408,0.0319048841703967,0.02575579411355,"CDC20/UBE2C",2
"GO:0072521","BP","GO:0072521","purine-containing compound metabolic process","9/124","460/18862",0.00338114260105293,0.0336841026489834,0.0271921003722645,"ACSM2A/ALDOB/FBP1/GLYAT/GNMT/H19/HKDC1/PKM/TTR",9
"GO:0030261","BP","GO:0030261","chromosome condensation","3/124","46/18862",0.00342551591857108,0.0339839725088239,0.0274341757338192,"CCNB1/NUSAP1/TOP2A",3
"GO:0015914","BP","GO:0015914","phospholipid transport","4/124","94/18862",0.00344018286278896,0.0339878647149399,0.0274373177875197,"APOA1/APOA5/APOC3/MFSD2A",4
"GO:0051304","BP","GO:0051304","chromosome separation","4/124","95/18862",0.00357341609675495,0.0351183024081049,0.0283498840368707,"CCNB1/CDC20/TOP2A/UBE2C",4
"GO:0016064","BP","GO:0016064","immunoglobulin mediated immune response","6/124","223/18862",0.00358410226172595,0.0351183024081049,0.0283498840368707,"C6/C8A/C9/HPX/IGHA1/MASP2",6
"GO:0002697","BP","GO:0002697","regulation of immune effector process","9/124","465/18862",0.00362960689760574,0.0354184181278658,0.0285921578732877,"APOA1/AZGP1/C6/C8A/C9/CFHR4/HPX/PCK1/RBP4",9
"GO:0010872","BP","GO:0010872","regulation of cholesterol esterification","2/124","14/18862",0.00370471690727667,0.0354863042271848,0.0286469601533365,"APOA1/APOA5",2
"GO:0032488","BP","GO:0032488","Cdc42 protein signal transduction","2/124","14/18862",0.00370471690727667,0.0354863042271848,0.0286469601533365,"APOA1/APOC3",2
"GO:1901678","BP","GO:1901678","iron coordination entity transport","2/124","14/18862",0.00370471690727667,0.0354863042271848,0.0286469601533365,"HPX/HRG",2
"GO:0043648","BP","GO:0043648","dicarboxylic acid metabolic process","4/124","96/18862",0.003710114192399,0.0354863042271848,0.0286469601533365,"FTCD/PCK1/TAT/UROC1",4
"GO:0046165","BP","GO:0046165","alcohol biosynthetic process","5/124","156/18862",0.0037110834744095,0.0354863042271848,0.0286469601533365,"APOA1/APOA5/CYP3A4/G6PD/PCK1",5
"GO:0019724","BP","GO:0019724","B cell mediated immunity","6/124","226/18862",0.00382572978516135,0.0364362504738767,0.0294138214219142,"C6/C8A/C9/HPX/IGHA1/MASP2",6
"GO:0060191","BP","GO:0060191","regulation of lipase activity","4/124","97/18862",0.00385031958465632,0.0365243463389111,0.0294849384004296,"ANG/APOA1/APOA5/APOC3",4
"GO:0016049","BP","GO:0016049","cell growth","9/124","470/18862",0.00389222830053009,0.0367753792998498,0.0296875892930992,"DDR1/FBP1/G6PD/HAMP/HRG/MFSD2A/SFN/SOX9/SPP1",9
"GO:0006000","BP","GO:0006000","fructose metabolic process","2/124","15/18862",0.00425635059211923,0.0395873857806089,0.0319576323240531,"ALDOB/FBP1",2
"GO:0019321","BP","GO:0019321","pentose metabolic process","2/124","15/18862",0.00425635059211923,0.0395873857806089,0.0319576323240531,"DCXR/G6PD",2
"GO:0030397","BP","GO:0030397","membrane disassembly","2/124","15/18862",0.00425635059211923,0.0395873857806089,0.0319576323240531,"CCNB1/CDK1",2
"GO:0051081","BP","GO:0051081","nuclear envelope disassembly","2/124","15/18862",0.00425635059211923,0.0395873857806089,0.0319576323240531,"CCNB1/CDK1",2
"GO:0060419","BP","GO:0060419","heart growth","4/124","100/18862",0.00429239929940675,0.0397673258050096,0.0321028921593968,"CCNB1/G6PD/HAMP/RBP4",4
"GO:0009066","BP","GO:0009066","aspartate family amino acid metabolic process","3/124","50/18862",0.00433949086690176,0.0399275781693406,0.0322322587754884,"BHMT/GNMT/SDS",3
"GO:1903793","BP","GO:1903793","positive regulation of anion transport","9/124","478/18862",0.0043432350885591,0.0399275781693406,0.0322322587754884,"ANG/APOA1/CYP4A11/CYP8B1/GPC3/PON1/RBP4/SFN/SPP1",9
"GO:0097305","BP","GO:0097305","response to alcohol","6/124","233/18862",0.00443639239053084,0.040627116468669,0.032796973704896,"CYP2E1/CYP8B1/G6PD/HAMP/RBP4/SLC10A1",6
"GO:0000070","BP","GO:0000070","mitotic sister chromatid segregation","5/124","164/18862",0.00458675410310588,0.0416834409141034,0.0336497106961484,"CCNB1/CDC20/KIFC1/NUSAP1/UBE2C",5
"GO:1903034","BP","GO:1903034","regulation of response to wounding","5/124","164/18862",0.00458675410310588,0.0416834409141034,0.0336497106961484,"CLDN4/HRG/SERPINC1/SPP1/VIL1",5
"GO:0046620","BP","GO:0046620","regulation of organ growth","4/124","102/18862",0.0046054196101877,0.0416939319082012,0.0336581797406554,"CCNB1/G6PD/HAMP/RBP4",4
"GO:0046034","BP","GO:0046034","ATP metabolic process","7/124","313/18862",0.00467254688267145,0.0421414171501542,0.0340194202861167,"ALDOB/CCNB1/CDK1/FBP1/H19/HKDC1/PKM",7
"GO:0035265","BP","GO:0035265","organ growth","5/124","166/18862",0.00482681789131301,0.0425554179579228,0.0343536299171808,"CCNB1/G6PD/HAMP/RBP4/SOX9",5
"GO:0048285","BP","GO:0048285","organelle fission","9/124","486/18862",0.00483416250965029,0.0425554179579228,0.0343536299171808,"CCNB1/CDC20/CDK1/KIFC1/MYBL2/NUSAP1/TOP2A/TPX2/UBE2C",9
"GO:0006268","BP","GO:0006268","DNA unwinding involved in DNA replication","2/124","16/18862",0.00484356080075476,0.0425554179579228,0.0343536299171808,"HMGA1/MCM2",2
"GO:0006555","BP","GO:0006555","methionine metabolic process","2/124","16/18862",0.00484356080075476,0.0425554179579228,0.0343536299171808,"BHMT/GNMT",2
"GO:0034384","BP","GO:0034384","high-density lipoprotein particle clearance","2/124","16/18862",0.00484356080075476,0.0425554179579228,0.0343536299171808,"APOA1/APOC3",2
"GO:0070365","BP","GO:0070365","hepatocyte differentiation","2/124","16/18862",0.00484356080075476,0.0425554179579228,0.0343536299171808,"CPS1/PCK1",2
"GO:1902969","BP","GO:1902969","mitotic DNA replication","2/124","16/18862",0.00484356080075476,0.0425554179579228,0.0343536299171808,"MCM2/MCM3",2
"GO:0006323","BP","GO:0006323","DNA packaging","6/124","240/18862",0.00511625870126915,0.044786073410742,0.0361543668286279,"CCNB1/HMGA1/MCM2/NUSAP1/SOX9/TOP2A",6
"GO:0048638","BP","GO:0048638","regulation of developmental growth","7/124","319/18862",0.00517483023232721,0.0451328600116157,0.0364343165769404,"CCNB1/G6PD/HAMP/MFSD2A/RBP4/SPP1/VIL1",7
"GO:0009062","BP","GO:0009062","fatty acid catabolic process","4/124","106/18862",0.00527684291940605,0.0456878654222029,0.0368823547209012,"FABP1/HAO2/MFSD2A/PCK1",4
"GO:0030330","BP","GO:0030330","DNA damage response, signal transduction by p53 class mediator","4/124","106/18862",0.00527684291940605,0.0456878654222029,0.0368823547209012,"CCNB1/CDK1/FOXM1/SFN",4
"GO:0042304","BP","GO:0042304","regulation of fatty acid biosynthetic process","3/124","54/18862",0.00538819078555886,0.0464829067406364,0.0375241661877593,"APOA1/APOA5/APOC3",3
"GO:0001558","BP","GO:0001558","regulation of cell growth","8/124","406/18862",0.00541887445177378,0.0465788450168714,0.0376016140943908,"DDR1/FBP1/G6PD/HAMP/HRG/MFSD2A/SFN/SPP1",8
"GO:0032508","BP","GO:0032508","DNA duplex unwinding","4/124","107/18862",0.00545438528931979,0.046645954380793,0.0376557893407582,"HMGA1/MCM2/MCM3/TOP2A",4
"GO:0060192","BP","GO:0060192","negative regulation of lipase activity","2/124","17/18862",0.00546586361706899,0.046645954380793,0.0376557893407582,"APOA1/APOC3",2
"GO:0071156","BP","GO:0071156","regulation of cell cycle arrest","4/124","108/18862",0.00563588033719299,0.0479251110102018,0.0386884116380241,"CCNB1/CDK1/FOXM1/SFN",4
"GO:0034364","CC","GO:0034364","high-density lipoprotein particle","10/122","27/19520",4.81729037623706e-16,8.09304783207826e-14,6.59208156748229e-14,"APOA1/APOA5/APOC3/APOF/HPR/LCAT/PON1/SAA1/SAA2/SAA4",10
"GO:0034358","CC","GO:0034358","plasma lipoprotein particle","10/122","36/19520",1.38468723822374e-14,7.75424853405294e-13,6.31611722698548e-13,"APOA1/APOA5/APOC3/APOF/HPR/LCAT/PON1/SAA1/SAA2/SAA4",10
"GO:1990777","CC","GO:1990777","lipoprotein particle","10/122","36/19520",1.38468723822374e-14,7.75424853405294e-13,6.31611722698548e-13,"APOA1/APOA5/APOC3/APOF/HPR/LCAT/PON1/SAA1/SAA2/SAA4",10
"GO:0032994","CC","GO:0032994","protein-lipid complex","10/122","39/19520",3.40929096121568e-14,1.43190220371059e-12,1.16633638146852e-12,"APOA1/APOA5/APOC3/APOF/HPR/LCAT/PON1/SAA1/SAA2/SAA4",10
"GO:0072562","CC","GO:0072562","blood microparticle","12/122","146/19520",1.24603456565242e-10,4.18667614059213e-09,3.41019986389083e-09,"AFM/APOA1/C8A/C9/CFHR3/HP/HPR/HPX/HRG/IGHA1/PON1/SERPINC1",12
"GO:0071682","CC","GO:0071682","endocytic vesicle lumen","4/122","20/19520",6.51222453197486e-06,0.000182342286895296,0.000148524419150304,"APOA1/HP/HPX/SAA1",4
"GO:0042627","CC","GO:0042627","chylomicron","3/122","13/19520",6.5078590924832e-05,0.00148355377272785,0.00120840846149511,"APOA1/APOA5/APOC3",3
"GO:0062023","CC","GO:0062023","collagen-containing extracellular matrix","11/122","423/19520",7.06454177489451e-05,0.00148355377272785,0.00120840846149511,"ANG/APOA1/APOC3/AZGP1/F9/GPC3/HPX/HRG/PKM/SERPINC1/SPP2",11
"GO:0034361","CC","GO:0034361","very-low-density lipoprotein particle","3/122","20/19520",0.000251241661141178,0.00422085990717179,0.00343804378403717,"APOA1/APOA5/APOC3",3
"GO:0034385","CC","GO:0034385","triglyceride-rich plasma lipoprotein particle","3/122","20/19520",0.000251241661141178,0.00422085990717179,0.00343804378403717,"APOA1/APOA5/APOC3",3
"GO:0046930","CC","GO:0046930","pore complex","3/122","23/19520",0.000385001680949109,0.0058800256726773,0.00478949459553915,"C6/C8A/C9",3
"GO:0005881","CC","GO:0005881","cytoplasmic microtubule","4/122","72/19520",0.00107650349595367,0.0150710489433514,0.0122759170591208,"CYP2A6/DCXR/SAA1/TUBA1B",4
"GO:0045179","CC","GO:0045179","apical cortex","2/122","10/19520",0.00168723015773736,0.0202467618928483,0.016491723346305,"FABP1/HAMP",2
"GO:0071162","CC","GO:0071162","CMG complex","2/122","10/19520",0.00168723015773736,0.0202467618928483,0.016491723346305,"MCM2/MCM3",2
"GO:0031261","CC","GO:0031261","DNA replication preinitiation complex","2/122","12/19520",0.0024544421747019,0.0257716428343699,0.0209919396520557,"MCM2/MCM3",2
"GO:0042555","CC","GO:0042555","MCM complex","2/122","12/19520",0.0024544421747019,0.0257716428343699,0.0209919396520557,"MCM2/MCM3",2
"GO:0034362","CC","GO:0034362","low-density lipoprotein particle","2/122","13/19520",0.00288887191720682,0.0285488518876909,0.0232540773521292,"APOA1/APOF",2
"GO:0005788","CC","GO:0005788","endoplasmic reticulum lumen","7/122","306/19520",0.00313614660097059,0.0292707016090589,0.0238420501828174,"APOA1/APOA5/F9/GPC3/SERPINC1/SPP1/SPP2",7
"GO:0005782","CC","GO:0005782","peroxisomal matrix","3/122","51/19520",0.00398659455049313,0.0320854081323305,0.0261347309348557,"AGXT/FABP1/HAO2",3
"GO:0031907","CC","GO:0031907","microbody lumen","3/122","51/19520",0.00398659455049313,0.0320854081323305,0.0261347309348557,"AGXT/FABP1/HAO2",3
"GO:0009925","CC","GO:0009925","basal plasma membrane","6/122","240/19520",0.00401067601654131,0.0320854081323305,0.0261347309348557,"CA9/CLDN4/EPCAM/SLC10A1/SLC22A1/SLC27A5",6
"GO:0045178","CC","GO:0045178","basal part of cell","6/122","258/19520",0.00568088577780895,0.0433813095759956,0.0353356531634049,"CA9/CLDN4/EPCAM/SLC10A1/SLC22A1/SLC27A5",6
"GO:0008392","MF","GO:0008392","arachidonic acid epoxygenase activity","7/123","16/18337",5.59463229234236e-12,1.93574277315045e-09,1.50171708899716e-09,"CYP2A6/CYP2A7/CYP2B6/CYP2C8/CYP2C9/CYP2E1/CYP4A11",7
"GO:0008391","MF","GO:0008391","arachidonic acid monooxygenase activity","7/123","20/18337",3.7078082240561e-11,6.41450822761705e-09,4.97626893228581e-09,"CYP2A6/CYP2A7/CYP2B6/CYP2C8/CYP2C9/CYP2E1/CYP4A11",7
"GO:0016712","MF","GO:0016712","oxidoreductase activity, acting on paired donors, with incorporation or reduction of molecular oxygen, reduced flavin or flavoprotein as one donor, and incorporation of one atom of oxygen","8/123","35/18337",6.58430057320041e-11,7.5938933277578e-09,5.89121630233721e-09,"CYP2A6/CYP2A7/CYP2B6/CYP2C8/CYP2C9/CYP2E1/CYP3A4/CYP4A11",8
"GO:0008395","MF","GO:0008395","steroid hydroxylase activity","8/123","38/18337",1.34535868038251e-10,1.16373525853087e-08,9.0280648288826e-09,"CYP2A6/CYP2A7/CYP2B6/CYP2C8/CYP2C9/CYP2E1/CYP3A4/CYP8B1",8
"GO:0070330","MF","GO:0070330","aromatase activity","6/123","25/18337",1.28536170861003e-08,8.8947030235814e-07,6.90036285674858e-07,"CYP2A7/CYP2C8/CYP2C9/CYP2E1/CYP3A4/CYP4A11",6
"GO:0016614","MF","GO:0016614","oxidoreductase activity, acting on CH-OH group of donors","10/123","130/18337",1.72291842788317e-08,9.93549626745962e-07,7.70779296684577e-07,"ADH1A/ADH1B/ADH1C/ADH4/DCXR/G6PD/HAO2/HSD11B1/HSD17B13/RDH16",10
"GO:0004497","MF","GO:0004497","monooxygenase activity","9/123","101/18337",2.54386258237586e-08,1.25739493357436e-06,9.75466103016309e-07,"CYP2A6/CYP2A7/CYP2B6/CYP2C8/CYP2C9/CYP2E1/CYP3A4/CYP4A11/CYP8B1",9
"GO:0020037","MF","GO:0020037","heme binding","10/123","140/18337",3.50727775705196e-08,1.51689762992497e-06,1.17678398427401e-06,"CYP2A6/CYP2A7/CYP2B6/CYP2C8/CYP2C9/CYP2E1/CYP3A4/CYP4A11/CYP8B1/HRG",10
"GO:0046906","MF","GO:0046906","tetrapyrrole binding","10/123","150/18337",6.75966950524299e-08,2.59871738757119e-06,2.01604178226545e-06,"CYP2A6/CYP2A7/CYP2B6/CYP2C8/CYP2C9/CYP2E1/CYP3A4/CYP4A11/CYP8B1/HRG",10
"GO:0016616","MF","GO:0016616","oxidoreductase activity, acting on the CH-OH group of donors, NAD or NADP as acceptor","9/123","120/18337",1.14502021468597e-07,3.96176994281346e-06,3.07347531310445e-06,"ADH1A/ADH1B/ADH1C/ADH4/DCXR/G6PD/HSD11B1/HSD17B13/RDH16",9
"GO:0004745","MF","GO:0004745","retinol dehydrogenase activity","5/123","20/18337",1.78980934802692e-07,5.62976394924832e-06,4.36747735642933e-06,"ADH1A/ADH1B/ADH1C/ADH4/RDH16",5
"GO:0018455","MF","GO:0018455","alcohol dehydrogenase [NAD(P)+] activity","4/123","10/18337",3.92391105276199e-07,1.13139435354637e-05,8.7771694601255e-06,"ADH1A/ADH1B/ADH1C/ADH4",4
"GO:0019842","MF","GO:0019842","vitamin binding","9/123","145/18337",5.76911436087339e-07,1.53547197604784e-05,1.19119365345969e-05,"ADH4/AFM/AGXT/ETNPPL/FTCD/GNMT/RBP4/SDS/TAT",9
"GO:0005506","MF","GO:0005506","iron ion binding","9/123","150/18337",7.67690815443238e-07,1.89729301530972e-05,1.47188840554907e-05,"CYP2A6/CYP2A7/CYP2B6/CYP2C8/CYP2C9/CYP2E1/CYP3A4/CYP4A11/CYP8B1",9
"GO:0016705","MF","GO:0016705","oxidoreductase activity, acting on paired donors, with incorporation or reduction of molecular oxygen","9/123","160/18337",1.31786108504965e-06,3.03986623618119e-05,2.35827773114148e-05,"CYP2A6/CYP2A7/CYP2B6/CYP2C8/CYP2C9/CYP2E1/CYP3A4/CYP4A11/CYP8B1",9
"GO:0005319","MF","GO:0005319","lipid transporter activity","9/123","162/18337",1.46153203230894e-06,3.16056301986808e-05,2.4519122910446e-05,"APOA1/APOF/CFHR4/FABP1/FABP4/MFSD2A/RBP4/SLC10A1/SLC27A5",9
"GO:0031406","MF","GO:0031406","carboxylic acid binding","9/123","184/18337",4.17772034802116e-06,8.24285266050662e-05,6.39466817289074e-05,"AFM/AGXT/CPS1/FABP1/FABP4/FTCD/GNMT/PCK1/TAT",9
"GO:0005324","MF","GO:0005324","long-chain fatty acid transporter activity","4/123","17/18337",4.28818924535026e-06,8.24285266050662e-05,6.39466817289074e-05,"FABP1/FABP4/MFSD2A/SLC27A5",4
"GO:0030414","MF","GO:0030414","peptidase inhibitor activity","9/123","187/18337",4.7671866355961e-06,8.68129776798027e-05,6.73480660430474e-05,"C3P1/FETUB/GPC3/HRG/SERPINA11/SERPINC1/SPINT1/SPP2/VIL1",9
"GO:0004857","MF","GO:0004857","enzyme inhibitor activity","12/123","385/18337",1.09459999588005e-05,0.000189365799287249,0.000146906841552322,"APOA1/APOC3/C3P1/FETUB/GPC3/HRG/SERPINA11/SERPINC1/SFN/SPINT1/SPP2/VIL1",12
"GO:0016709","MF","GO:0016709","oxidoreductase activity, acting on paired donors, with incorporation or reduction of molecular oxygen, NAD(P)H as one donor, and incorporation of one atom of oxygen","5/123","48/18337",1.70116617136021e-05,0.000280287378709825,0.000217442292579876,"CYP2B6/CYP2C9/CYP2E1/CYP3A4/CYP4A11",5
"GO:0043178","MF","GO:0043178","alcohol binding","6/123","86/18337",2.44468524534693e-05,0.000376799288946409,0.00029231462939256,"ADH4/APOA1/APOA5/APOC3/APOF/RBP4",6
"GO:0061134","MF","GO:0061134","peptidase regulator activity","9/123","230/18337",2.50473515773625e-05,0.000376799288946409,0.00029231462939256,"C3P1/FETUB/GPC3/HRG/SERPINA11/SERPINC1/SPINT1/SPP2/VIL1",9
"GO:0004866","MF","GO:0004866","endopeptidase inhibitor activity","8/123","180/18337",2.9082846005409e-05,0.000419277696577979,0.000325268672428916,"C3P1/FETUB/HRG/SERPINA11/SERPINC1/SPINT1/SPP2/VIL1",8
"GO:0061135","MF","GO:0061135","endopeptidase regulator activity","8/123","192/18337",4.60475551451358e-05,0.00063729816320868,0.000494405328926722,"C3P1/FETUB/HRG/SERPINA11/SERPINC1/SPINT1/SPP2/VIL1",8
"GO:0005496","MF","GO:0005496","steroid binding","6/123","100/18337",5.74293973879306e-05,0.000764252749854768,0.000592894588417907,"APOA1/APOA5/APOC3/APOF/CYP3A4/HSD11B1",6
"GO:0019825","MF","GO:0019825","oxygen binding","4/123","39/18337",0.000132220880267265,0.0016943860952768,0.00131447658745234,"CYP2A7/CYP2E1/CYP3A4/CYP8B1",4
"GO:0016829","MF","GO:0016829","lyase activity","7/123","194/18337",0.000336269383143345,0.00413588377395169,0.00320854993111555,"ALDOB/CA9/ETNPPL/FTCD/PCK1/SDS/UROC1",7
"GO:0015485","MF","GO:0015485","cholesterol binding","4/123","50/18337",0.000349750388918854,0.00413588377395169,0.00320854993111555,"APOA1/APOA5/APOC3/APOF",4
"GO:0008483","MF","GO:0008483","transaminase activity","3/123","21/18337",0.000358602639359973,0.00413588377395169,0.00320854993111555,"AGXT/ETNPPL/TAT",3
"GO:0016597","MF","GO:0016597","amino acid binding","4/123","54/18337",0.000470466695874578,0.00511275649466458,0.00396639156111795,"AGXT/CPS1/GNMT/TAT",4
"GO:0016769","MF","GO:0016769","transferase activity, transferring nitrogenous groups","3/123","23/18337",0.0004728560919921,0.00511275649466458,0.00396639156111795,"AGXT/ETNPPL/TAT",3
"GO:0030170","MF","GO:0030170","pyridoxal phosphate binding","4/123","55/18337",0.000504755002684565,0.0051366244390841,0.00398490791593077,"AGXT/ETNPPL/SDS/TAT",4
"GO:0070279","MF","GO:0070279","vitamin B6 binding","4/123","55/18337",0.000504755002684565,0.0051366244390841,0.00398490791593077,"AGXT/ETNPPL/SDS/TAT",4
"GO:0032934","MF","GO:0032934","sterol binding","4/123","60/18337",0.000703321050303302,0.00695283095442693,0.00539389076172458,"APOA1/APOA5/APOC3/APOF",4
"GO:0070325","MF","GO:0070325","lipoprotein particle receptor binding","3/123","28/18337",0.000853565406505872,0.00820371196252866,0.00636430346956133,"APOA1/APOA5/APOC3",3
"GO:0048029","MF","GO:0048029","monosaccharide binding","4/123","67/18337",0.0010663532125083,0.00997184355480731,0.00773599058860926,"ALDOB/FBP1/G6PD/HKDC1",4
"GO:0016229","MF","GO:0016229","steroid dehydrogenase activity","3/123","34/18337",0.00151413426940604,0.0137865909793287,0.0106954082741978,"HSD11B1/HSD17B13/RDH16",3
"GO:0005504","MF","GO:0005504","fatty acid binding","3/123","37/18337",0.00193750298721871,0.0159727403226301,0.0123913866208417,"AFM/FABP1/FABP4",3
"GO:0005536","MF","GO:0005536","glucose binding","2/123","10/18337",0.00193888755361406,0.0159727403226301,0.0123913866208417,"G6PD/HKDC1",2
"GO:0008401","MF","GO:0008401","retinoic acid 4-hydroxylase activity","2/123","10/18337",0.00193888755361406,0.0159727403226301,0.0123913866208417,"CYP2C8/CYP3A4",2
"GO:0015651","MF","GO:0015651","quaternary ammonium group transmembrane transporter activity","2/123","10/18337",0.00193888755361406,0.0159727403226301,0.0123913866208417,"SLC22A1/SLC25A47",2
"GO:0005542","MF","GO:0005542","folic acid binding","2/123","12/18337",0.00281884328482505,0.0226818552685923,0.0175962065515395,"FTCD/GNMT",2
"GO:0016840","MF","GO:0016840","carbon-nitrogen lyase activity","2/123","13/18337",0.00331677895936462,0.0260123660774805,0.0201799615143216,"FTCD/SDS",2
"GO:0005543","MF","GO:0005543","phospholipid binding","9/123","451/18337",0.00338311119504804,0.0260123660774805,0.0201799615143216,"APOA1/APOA5/APOC3/CPS1/FABP1/LAPTM4B/PLA2G2A/PON1/VIL1",9
"GO:0008509","MF","GO:0008509","anion transmembrane transporter activity","9/123","459/18337",0.00379619964690811,0.0285540234310915,0.0221517370700588,"AZGP1/CLDN4/HPX/MFSD2A/RBP4/SLC10A1/SLC22A1/SLC25A47/SLC27A5",9
"GO:0004867","MF","GO:0004867","serine-type endopeptidase inhibitor activity","4/123","98/18337",0.00428641898059146,0.0312386585874389,0.0242344324301701,"HRG/SERPINA11/SERPINC1/SPINT1",4
"GO:1901618","MF","GO:1901618","organic hydroxy compound transmembrane transporter activity","3/123","49/18337",0.00433368674045395,0.0312386585874389,0.0242344324301701,"RBP4/SLC10A1/SLC22A1",3
"GO:0008201","MF","GO:0008201","heparin binding","5/123","164/18337",0.00498616479465363,0.034849778553596,0.0270358793159932,"ANG/APOA5/HRG/SAA1/SERPINC1",5
"GO:0019841","MF","GO:0019841","retinol binding","2/123","16/18337",0.00503609516670462,0.034849778553596,0.0270358793159932,"ADH4/RBP4",2
"GO:0050661","MF","GO:0050661","NADP binding","3/123","53/18337",0.00540434768102223,0.0366647901496802,0.0284439351632749,"ASPDH/G6PD/HSD11B1",3
"GO:0004252","MF","GO:0004252","serine-type endopeptidase activity","5/123","168/18337",0.00551543041932981,0.0366988254824637,0.0284703392090911,"F9/HGFAC/HP/HPR/MASP2",5
"GO:0004869","MF","GO:0004869","cysteine-type endopeptidase inhibitor activity","3/123","56/18337",0.00630266060781406,0.0400420532879686,0.0310639598066079,"FETUB/HRG/VIL1",3
"GO:0016918","MF","GO:0016918","retinal binding","2/123","18/18337",0.00636506627409906,0.0400420532879686,0.0310639598066079,"ADH4/RBP4",2
"GO:0055102","MF","GO:0055102","lipase inhibitor activity","2/123","18/18337",0.00636506627409906,0.0400420532879686,0.0310639598066079,"APOA1/APOC3",2
